,credit.policy,purpose,int.rate,installment,log.annual.inc,dti,fico,days.with.cr.line,revol.bal,revol.util,inq.last.6mths,delinq.2yrs,pub.rec,not.fully.paid
0,1,debt_consolidation,0.1189,829.1,11.35040654,19.48,737,5639.958333,28854,52.1,0,0,0,0
1,1,credit_card,0.1071,228.22,11.08214255,14.29,707,2760.0,33623,76.7,0,0,0,0
2,1,debt_consolidation,0.1357,366.86,10.37349118,11.63,682,4710.0,3511,25.6,1,0,0,0
3,1,debt_consolidation,0.1008,162.34,11.35040654,8.1,712,2699.958333,33667,73.2,1,0,0,0
4,1,credit_card,0.1426,102.92,11.29973224,14.97,667,4066.0,4740,39.5,0,1,0,0
5,1,credit_card,0.0788,125.13,11.90496755,16.98,727,6120.041667,50807,51.0,0,0,0,0
6,1,debt_consolidation,0.1496,194.02,10.71441777,4.0,667,3180.041667,3839,76.8,0,0,1,1
7,1,all_other,0.1114,131.22,11.00209984,11.08,722,5116.0,24220,68.6,0,0,0,1
8,1,home_improvement,0.1134,87.19,11.40756495,17.25,682,3989.0,69909,51.1,1,0,0,0
9,1,debt_consolidation,0.1221,84.12,10.20359214,10.0,707,2730.041667,5630,23.0,1,0,0,0
10,1,debt_consolidation,0.1347,360.43,10.4341158,22.09,677,6713.041667,13846,71.0,2,0,1,0
11,1,debt_consolidation,0.1324,253.58,11.83500896,9.16,662,4298.0,5122,18.2,2,1,0,0
12,1,debt_consolidation,0.0859,316.11,10.93310697,15.49,767,6519.958333,6068,16.7,0,0,0,0
13,1,small_business,0.0714,92.82,11.51292546,6.5,747,4384.0,3021,4.8,0,1,0,0
14,1,debt_consolidation,0.0863,209.54,9.487972109,9.73,727,1559.958333,6282,44.6,0,0,0,0
15,1,major_purchase,0.1103,327.53,10.73891524,13.04,702,8159.958333,5394,53.4,1,0,0,0
16,1,all_other,0.1317,77.69,10.52277288,2.26,672,3895.958333,2211,88.4,0,0,0,0
17,1,credit_card,0.0894,476.58,11.60823564,7.07,797,6510.958333,7586,52.7,1,0,0,0
18,1,debt_consolidation,0.1039,584.12,10.49127422,3.8,712,2760.0,8311,59.8,0,0,0,0
19,1,major_purchase,0.1513,173.65,11.00209984,2.74,667,1126.958333,591,84.4,3,0,0,0
20,1,all_other,0.08,188.02,11.22524339,16.08,772,4888.958333,29797,23.2,1,0,0,0
21,1,all_other,0.0863,474.42,10.81977828,2.59,797,11951.0,5656,27.6,0,0,0,0
22,1,credit_card,0.1355,339.6,11.51292546,7.94,662,1939.9583329999998,21162,57.7,0,0,0,0
23,1,credit_card,0.0788,484.85,11.73606902,7.05,782,5640.041667,16931,34.6,1,0,0,0
24,1,debt_consolidation,0.1229,320.19,11.26446411,8.8,672,3760.958333,4822,58.1,0,0,1,0
25,1,all_other,0.0901,159.03,12.429216199999999,10.0,712,1553.958333,14354,36.6,0,2,0,0
26,1,all_other,0.0743,155.38,11.08214255,0.28,802,4649.958333,1576,5.7,1,0,0,0
27,1,debt_consolidation,0.1375,255.43,9.998797732,14.29,662,1318.958333,4175,51.5,0,1,0,0
28,1,all_other,0.0743,155.38,12.20607265,0.28,772,4516.958333,3164,13.7,0,0,0,0
29,1,all_other,0.0743,155.38,12.20607265,3.72,812,6778.958333,85607,0.7,0,0,0,0
30,1,debt_consolidation,0.0807,156.84,11.51292546,2.3,742,3148.958333,9698,19.4,0,0,0,0
31,1,credit_card,0.1028,275.38,9.798127037,6.4,692,7469.958333,8847,26.9,1,1,0,0
32,1,home_improvement,0.0743,155.38,11.91839057,0.0,777,7128.958333,6053,19.5,0,0,0,0
33,1,home_improvement,0.0807,78.42,11.60823564,11.33,762,6059.958333,7274,13.1,0,0,0,0
34,1,credit_card,0.087,158.3,11.22524339,15.55,757,4770.0,66033,23.0,0,0,0,0
35,1,all_other,0.0743,155.38,11.46163217,3.83,772,2535.0,3660,6.8,0,0,0,0
36,1,credit_card,0.0743,155.38,11.35040654,0.31,787,3540.0,216,0.6,0,0,0,0
37,1,credit_card,0.1122,164.23,11.28978191,1.21,672,3990.0,27185,16.1,3,0,1,0
38,1,debt_consolidation,0.0996,161.25,10.77895629,8.03,707,4320.0,28329,48.6,1,0,0,0
39,1,home_improvement,0.0933,159.77,12.10071213,11.93,717,4498.958333,60568,39.2,1,0,0,0
40,1,home_improvement,0.0807,156.84,12.10071213,5.55,742,4019.0,40934,26.3,0,0,0,0
41,1,debt_consolidation,0.0743,155.38,11.69524702,2.29,777,3540.0,8379,16.9,0,0,0,0
42,1,small_business,0.087,94.98,10.1266311,14.54,752,2460.0,3660,7.8,1,0,0,0
43,1,home_improvement,0.1028,97.2,12.20607265,0.0,677,3779.958333,0,0.0,0,1,0,0
44,1,credit_card,0.1122,164.23,10.30895266,18.64,702,5190.0,15840,47.1,0,0,0,0
45,1,credit_card,0.0838,167.02,11.21182037,14.37,797,5610.958333,6844,14.4,0,0,0,0
46,1,educational,0.0775,168.6,8.987196821,3.0,762,6659.958333,1321,16.5,0,0,0,0
47,1,all_other,0.0838,160.72,10.37349118,14.78,772,4379.0,4737,23.9,0,0,0,0
48,1,credit_card,0.0901,159.03,11.19821472,9.96,722,3089.958333,23489,37.6,0,0,0,0
49,1,debt_consolidation,0.0743,178.69,11.73606902,0.27,792,7488.958333,2817,10.2,0,0,0,0
50,1,credit_card,0.0743,155.38,10.71441777,1.12,782,5807.0,1783,0.0,1,0,0,0
51,1,small_business,0.1028,323.98,10.217422000000001,10.7,712,1379.0,3534,54.4,0,0,0,0
52,1,small_business,0.1059,813.65,10.77895629,4.05,762,2729.958333,2422,23.3,0,0,0,0
53,1,educational,0.0996,112.87,9.510444964,16.44,712,1649.958333,2864,41.1,1,0,0,0
54,1,debt_consolidation,0.1596,94.88,10.86283777,12.57,627,1409.0,3075,92.3,1,0,0,0
55,1,small_business,0.1059,398.69,11.00209984,17.12,747,14008.958330000001,17214,8.1,2,1,0,0
56,1,credit_card,0.1154,39.6,9.903487553,2.04,662,1139.0,1153,75.8,2,0,0,0
57,1,credit_card,0.1343,678.08,11.88448902,10.15,682,4209.958333,41674,74.1,0,0,0,1
58,1,credit_card,0.1249,401.37,11.22524339,15.0,682,4479.0,43039,93.4,3,0,0,0
59,1,all_other,0.0964,205.45,11.00209984,7.72,712,2293.958333,3362,69.3,0,0,0,0
60,1,debt_consolidation,0.1186,397.75,11.08214255,7.14,682,8730.0,11868,71.9,0,2,0,0
61,1,all_other,0.0743,155.38,10.59663473,2.55,772,8189.958333,2562,14.0,2,0,0,0
62,1,all_other,0.1028,113.39,9.903487553,1.5,682,1410.0,1882,32.4,0,0,0,0
63,1,debt_consolidation,0.1186,99.44,10.49551521,7.47,667,2550.0,1064,70.9,2,0,1,0
64,1,credit_card,0.0807,109.79,11.49272276,8.52,752,4979.958333,6432,6.0,0,1,0,0
65,1,all_other,0.1059,32.55,10.43382164,14.47,687,1110.0,4485,36.9,1,0,0,1
66,1,all_other,0.0996,112.87,11.26446411,11.06,702,4979.958333,16310,20.5,0,1,0,0
67,1,debt_consolidation,0.0964,160.51,11.77528973,8.55,712,5940.0,20969,40.2,0,0,0,0
68,1,debt_consolidation,0.1375,340.57,10.46310334,17.38,707,2699.958333,22213,65.9,0,0,0,0
69,1,home_improvement,0.0775,156.11,12.32385568,6.48,752,5339.958333,2160,2.3,1,0,0,0
70,1,credit_card,0.0743,155.38,11.15625052,4.56,812,9809.0,813,1.0,0,0,0,0
71,1,home_improvement,0.0807,235.25,11.91839057,2.72,757,5202.0,23678,24.4,4,0,0,0
72,1,debt_consolidation,0.0996,257.99,10.77895629,15.13,722,2640.0,11289,47.8,3,0,0,0
73,1,small_business,0.1501,225.37,12.26904744,6.45,677,6240.0,56411,75.3,0,0,0,1
74,1,home_improvement,0.0964,80.26,11.22524339,20.0,772,4920.958333,269,3.8,3,0,0,1
75,1,home_improvement,0.128,84.0,10.37349118,20.0,682,5492.0,3408,35.1,1,0,0,1
76,1,debt_consolidation,0.1122,507.46,10.59663473,13.5,712,5368.958333,6513,34.3,3,0,1,1
77,1,educational,0.0743,124.31,10.59663473,3.45,772,1739.9583329999998,330,11.0,0,0,0,0
78,1,credit_card,0.087,63.32,11.15625052,6.07,712,2550.0,5967,19.8,1,0,0,0
79,1,all_other,0.1091,130.79,9.798127037,18.0,707,2192.0,5533,79.6,1,0,0,0
80,1,home_improvement,0.0775,93.67,11.73606902,2.14,762,8370.0,21050,1.0,0,0,0,0
81,1,all_other,0.0775,93.67,10.81977828,5.35,762,8370.0,21050,0.7,0,0,0,0
82,1,all_other,0.087,88.65,11.69524702,15.0,742,3026.0,8155,14.9,1,0,0,0
83,1,all_other,0.0964,128.41,11.51292546,15.0,722,3026.0,8155,14.9,1,0,0,0
84,1,home_improvement,0.087,94.98,11.03488966,12.23,737,2729.958333,3678,30.7,0,0,0,0
85,1,debt_consolidation,0.1217,179.8,10.46310334,7.1,662,2944.0,2040,36.2,2,0,0,0
86,1,credit_card,0.1533,444.05,11.00209984,19.52,667,2700.958333,33074,68.8,2,0,0,0
87,1,all_other,0.0775,124.89,11.03165864,3.46,747,2519.0,1918,17.1,0,0,0,0
88,1,credit_card,0.1533,644.3,11.40756495,5.24,662,1770.0,22379,62.2,0,0,0,0
89,1,small_business,0.0964,642.02,11.47210347,2.86,737,2190.0,10296,42.5,0,0,0,1
90,1,small_business,0.1154,104.76,9.61580548,12.24,672,1289.958333,2867,55.1,3,0,0,1
91,1,debt_consolidation,0.1122,157.66,10.30895266,12.36,682,1770.0,12310,86.1,0,0,0,0
92,1,debt_consolidation,0.087,383.87,11.91839057,4.8,767,13349.95833,61921,39.1,0,0,0,0
93,1,credit_card,0.1122,217.6,11.38509209,18.0,702,3725.0,16738,26.1,2,0,0,0
94,1,all_other,0.0807,297.99,11.05089001,3.49,792,5939.0,40384,9.2,1,0,0,0
95,1,debt_consolidation,0.0775,156.11,10.71441777,5.0,762,2131.0,1359,5.6,2,0,0,0
96,1,debt_consolidation,0.1154,329.95,12.32385568,20.0,727,10292.0,107501,44.8,2,0,0,0
97,1,all_other,0.0807,313.67,12.06104687,0.72,787,8010.0,3054,5.6,3,0,0,0
98,1,all_other,0.0807,297.99,11.40756495,2.44,792,8717.958333,40384,9.6,0,0,0,0
99,1,home_improvement,0.0933,239.65,11.44035477,9.66,792,4529.0,128000,0.0,3,0,0,0
100,1,debt_consolidation,0.0712,61.87,11.6784399,0.43,772,5936.0,4709,18.5,0,0,0,0
101,1,all_other,0.1186,94.47,10.71441777,2.8,667,5460.0,2850,75.0,0,1,0,0
102,1,small_business,0.1501,73.68,11.47210347,16.89,702,4080.0,51,0.0,0,0,0,1
103,1,home_improvement,0.0807,313.67,11.91839057,5.84,792,5364.958333,37152,3.7,0,0,0,0
104,1,debt_consolidation,0.0933,543.2,11.22524339,9.55,762,5699.958333,3839,16.6,1,0,0,0
105,1,home_improvement,0.0807,313.67,11.35040654,3.11,797,5363.958333,37152,3.7,0,0,0,0
106,1,credit_card,0.1217,266.37,11.15625052,10.2,672,3598.958333,26283,39.5,0,1,0,1
107,1,debt_consolidation,0.1028,210.6,10.71441777,5.87,692,1741.9583329999998,5607,42.2,0,0,0,0
108,1,all_other,0.1249,234.15,10.04324949,5.01,662,1110.0,1061,81.9,3,0,0,0
109,1,debt_consolidation,0.1028,323.99,11.69524702,14.4,722,4679.958333,56740,77.5,1,0,0,0
110,1,credit_card,0.1059,235.96,10.95080655,7.22,712,5519.0,40598,77.3,1,0,0,0
111,1,debt_consolidation,0.1438,352.22,11.184421400000002,17.83,687,1289.958333,3815,6.5,1,0,0,0
112,1,all_other,0.0743,117.31,11.69524702,0.0,772,3929.958333,0,0.0,1,0,0,0
113,1,debt_consolidation,0.0712,64.96,11.60823564,0.22,812,16213.0,50,0.3,0,0,0,0
114,1,small_business,0.1565,699.69,11.42954386,1.53,667,3603.958333,4569,56.4,1,0,0,0
115,1,educational,0.1059,195.27,9.852194257999999,8.15,692,3089.958333,8528,86.1,0,0,0,0
116,1,credit_card,0.1122,295.59,10.385913699999998,22.15,747,2788.958333,14345,45.8,0,0,0,0
117,1,small_business,0.1122,217.59,10.81977828,18.38,707,3359.0,113,2.4,1,0,0,0
118,1,debt_consolidation,0.1375,263.09,11.03811028,9.8,677,3089.958333,12231,81.0,3,0,0,1
119,1,debt_consolidation,0.1467,248.43,10.95080655,20.76,667,3750.0,13552,69.1,0,1,0,0
120,1,credit_card,0.1028,194.4,11.37710574,10.6,692,2489.958333,16813,63.9,0,0,0,0
121,1,debt_consolidation,0.1249,301.04,10.57131693,5.08,667,3690.0,26233,62.9,3,0,1,1
122,1,all_other,0.0743,163.92,11.35040654,2.64,782,9210.0,5760,16.0,0,0,0,0
123,1,all_other,0.1028,150.66,10.727663,3.26,687,6509.958333,105,35.0,1,1,0,1
124,1,debt_consolidation,0.1122,217.59,10.9525594,13.77,682,2160.0,11490,95.7,0,0,0,0
125,1,home_improvement,0.1312,85.23,10.59663473,20.67,692,5250.0,17641,30.5,3,1,0,0
126,1,all_other,0.1122,328.43,10.30895266,20.4,742,3270.0,0,0.0,3,0,0,0
127,1,all_other,0.0807,165.47,10.91508846,12.0,797,8790.0,12430,19.2,1,0,0,0
128,1,debt_consolidation,0.1091,140.6,10.49127422,9.87,707,1560.0,12323,44.0,0,0,0,0
129,1,all_other,0.1028,98.01,11.40756495,9.13,697,3300.0,38624,97.8,0,0,0,0
130,1,small_business,0.1217,166.48,9.210340372000001,0.0,662,2250.0,875,54.7,2,1,0,1
131,1,small_business,0.1249,284.32,11.35040654,6.38,667,7229.958333,1196,12.0,3,4,0,0
132,1,small_business,0.1438,194.15,13.08154138,2.4,697,2759.958333,26628,60.4,3,1,0,0
133,1,all_other,0.1028,138.51,10.34174248,24.81,767,5789.958333,6752,24.6,2,0,0,0
134,1,debt_consolidation,0.1249,70.25,9.433483922999999,14.4,662,1469.0,458,91.6,1,0,0,1
135,1,credit_card,0.0838,252.1,11.56171563,9.71,752,3508.958333,16786,44.7,0,0,0,0
136,1,all_other,0.0901,263.19,11.69524702,12.16,742,9719.958333,7336,29.9,0,0,0,0
137,1,all_other,0.0933,104.65,11.03488966,3.83,702,3690.0,7089,41.9,1,0,0,0
138,1,debt_consolidation,0.0807,172.53,10.89673933,6.29,742,5100.0,18388,68.9,0,0,0,0
139,1,credit_card,0.0996,38.7,10.37349118,1.13,677,1920.0,613,76.6,2,0,0,0
140,1,educational,0.1249,100.35,10.279180499999999,12.77,662,1110.0,566,51.5,3,1,0,1
141,1,debt_consolidation,0.128,335.98,10.50232405,18.92,682,2219.0,9166,50.4,1,0,0,0
142,1,all_other,0.1091,163.49,10.57131693,11.78,707,4889.0,5406,33.4,0,0,1,1
143,1,all_other,0.0996,32.25,10.46310334,5.83,687,2158.958333,1188,3.0,2,0,0,1
144,1,educational,0.0996,96.75,9.798127037,15.4,707,11248.95833,12003,40.4,1,0,0,0
145,1,all_other,0.1059,72.42,11.00209984,8.14,707,4800.0,20511,62.0,1,0,0,1
146,1,small_business,0.0964,90.68,11.15625052,18.0,732,3691.0,55720,10.0,2,0,0,0
147,1,all_other,0.0807,259.58,10.79957558,9.89,772,9870.0,7744,17.1,0,0,0,0
148,1,all_other,0.0964,169.32,11.15625052,17.57,737,5429.958333,51761,38.0,1,0,0,0
149,1,credit_card,0.1154,205.4,10.71441777,17.76,717,1500.0,579,23.2,0,0,0,0
150,1,debt_consolidation,0.1312,162.01,11.35040654,16.87,707,9059.958333,34776,54.3,0,0,0,1
151,1,debt_consolidation,0.1028,226.8,10.92233487,10.05,692,1890.0,8047,33.8,0,0,0,0
152,1,all_other,0.1059,162.73,9.61580548,24.4,737,3209.958333,0,0.0,3,0,0,0
153,1,debt_consolidation,0.1154,158.38,10.1266311,18.19,672,2586.0,409,81.8,0,1,0,0
154,1,small_business,0.0901,795.11,10.95080655,8.93,822,9696.958333,185,0.5,0,0,0,0
155,1,debt_consolidation,0.0996,158.83,11.33857208,4.84,727,6330.0,48251,50.1,2,0,0,0
156,1,all_other,0.1028,97.2,10.54534144,19.93,687,2580.0,772,96.5,0,0,0,0
157,1,debt_consolidation,0.1154,263.97,10.81977828,8.04,672,3089.0,1019,4.5,1,1,0,0
158,1,small_business,0.1091,404.62,10.75177778,16.39,692,5640.0,8332,39.9,2,0,0,0
159,1,all_other,0.0775,307.53,11.15625052,9.09,797,6089.958333,1790,4.5,1,0,0,0
160,1,debt_consolidation,0.128,839.95,11.22524339,24.85,722,6330.0,62739,74.7,3,0,0,1
161,1,all_other,0.1059,269.31,11.59910316,24.01,767,4665.958333,29901,71.2,2,0,0,1
162,1,debt_consolidation,0.1186,265.18,10.858999,11.31,667,1560.0,5867,74.3,1,0,0,0
163,1,home_improvement,0.0964,802.47,11.26446411,0.8,732,2129.958333,10605,22.1,1,0,0,0
164,1,debt_consolidation,0.1091,505.16,11.69524702,16.97,697,9659.0,57196,44.5,3,0,0,1
165,1,home_improvement,0.0901,318.05,12.52452638,2.97,712,4919.0,481,80.2,2,0,0,1
166,1,educational,0.0838,315.12,10.30895266,4.2,737,1560.0,2282,19.0,1,0,0,0
167,1,all_other,0.1091,130.79,9.574983486,8.92,672,1140.0,3614,61.3,1,0,0,0
168,1,debt_consolidation,0.1059,227.82,11.05879518,8.5,682,6839.958333,14930,79.0,1,0,1,0
169,1,credit_card,0.0996,643.36,11.66134547,13.07,727,10529.95833,33989,82.9,0,0,0,0
170,1,all_other,0.147,51.78,10.1266311,3.84,632,1530.0,1238,61.9,1,1,0,0
171,1,educational,0.0901,572.48,10.62132735,15.37,747,7500.0,4746,18.5,2,0,0,0
172,1,all_other,0.0775,149.87,9.952277717000001,6.34,752,3029.0,3470,25.5,0,0,0,0
173,1,all_other,0.0996,96.75,11.03488966,11.98,682,1799.0,12640,83.2,0,0,0,0
174,1,home_improvement,0.0712,92.8,11.44035477,0.0,812,8250.0,368,1.2,0,0,0,0
175,1,credit_card,0.1091,192.09,11.09741002,19.82,677,4290.0,30597,89.5,1,1,0,0
176,1,all_other,0.1154,593.92,10.20359214,10.8,682,5050.0,8537,75.5,0,0,0,0
177,1,debt_consolidation,0.1091,392.36,10.46310334,15.74,692,1500.041667,15649,54.5,2,0,0,0
178,1,educational,0.0775,156.11,10.858999,9.55,767,12960.04167,4067,7.3,0,0,0,0
179,1,debt_consolidation,0.1028,155.52,10.46310334,7.51,687,2795.0,5836,68.7,0,0,1,0
180,1,credit_card,0.1028,485.99,11.38509209,11.95,702,5070.0,24615,94.7,0,0,0,0
181,1,all_other,0.1028,116.64,10.30895266,7.88,687,5130.041667,7600,71.7,0,0,1,0
182,1,debt_consolidation,0.1122,223.34,10.83958091,18.68,682,1889.0416670000002,9495,87.9,2,0,0,1
183,1,credit_card,0.0775,149.87,9.903487553,10.26,757,6330.041667,4921,30.4,0,0,0,0
184,1,educational,0.1154,211.17,11.46163217,1.83,667,3421.041667,11200,23.2,1,0,0,0
185,1,debt_consolidation,0.0743,186.45,11.13730067,6.11,777,7440.041667,2444,5.6,3,0,0,0
186,1,debt_consolidation,0.0933,790.86,11.00209984,0.82,767,2100.0,916,6.8,0,0,0,0
187,1,small_business,0.0901,795.11,13.33100224,3.83,782,3660.0,148829,6.6,5,0,0,1
188,1,credit_card,0.087,126.65,10.69194491,18.71,747,3630.0,3209,12.6,0,0,0,0
189,1,credit_card,0.1091,294.27,11.28978191,17.17,677,3840.041667,7570,82.3,0,0,0,0
190,1,debt_consolidation,0.1091,404.62,11.28978191,9.23,687,2519.0,13126,96.5,0,0,1,0
191,1,debt_consolidation,0.1186,397.77,11.91839057,20.48,687,4452.041667,66654,51.6,1,0,0,0
192,1,debt_consolidation,0.0743,178.68,11.46163217,1.2,812,16259.041669999999,50,0.3,0,0,0,0
193,1,educational,0.1028,29.16,9.392661928999999,16.7,687,2069.0,3084,65.6,3,0,0,1
194,1,small_business,0.0996,417.62,11.42954386,6.48,712,5610.041667,2598,23.8,1,0,0,0
195,1,credit_card,0.1059,130.18,11.03488966,17.81,682,6330.041667,18168,68.5,2,0,0,0
196,1,all_other,0.1122,98.53,10.40134951,22.79,682,9389.0,24218,85.3,2,0,0,0
197,1,all_other,0.0807,15.69,9.798127037,4.27,722,1470.0,0,0.0,0,0,0,0
198,1,credit_card,0.1091,523.14,12.20607265,10.7,697,7320.0,72303,73.7,1,0,0,0
199,1,all_other,0.087,557.23,11.938193199999999,0.12,757,1128.041667,1032,5.0,0,0,0,0
200,1,all_other,0.1122,315.3,10.65725935,14.6,677,3630.0,133,4.2,1,0,0,0
201,1,debt_consolidation,0.1154,527.93,10.70099475,12.16,682,2130.0,34023,57.7,1,2,0,1
202,1,major_purchase,0.0743,93.23,11.184421400000002,11.18,757,4500.041667,12430,29.6,5,0,0,0
203,1,debt_consolidation,0.0775,202.94,10.77895629,13.53,787,10260.04167,10742,8.9,3,0,0,0
204,1,debt_consolidation,0.1186,165.74,10.59663473,7.02,667,2789.041667,2197,75.8,0,2,0,1
205,1,all_other,0.1028,158.76,10.69194491,15.3,692,4410.0,88,23.8,1,3,0,1
206,1,debt_consolidation,0.1028,485.99,10.81977828,11.88,702,7020.041667,13867,33.7,0,0,0,0
207,1,all_other,0.0996,322.49,11.19134184,10.28,702,4920.041667,3943,98.6,3,0,0,1
208,1,debt_consolidation,0.087,189.97,10.08580911,19.45,757,3870.041667,5405,40.0,2,0,0,0
209,1,debt_consolidation,0.1217,376.24,10.42228135,23.96,712,3030.041667,12102,49.0,1,0,0,0
210,1,debt_consolidation,0.1217,599.33,11.61045137,18.3,682,4379.0,18076,81.4,1,0,0,0
211,1,debt_consolidation,0.1217,132.35,10.20359214,23.2,702,5279.041667,4504,39.2,1,0,0,1
212,1,small_business,0.1186,828.69,10.858999,9.74,712,4859.041667,25852,60.5,0,0,0,0
213,1,credit_card,0.1091,604.88,10.858999,17.56,707,8061.0,32438,43.0,0,1,0,0
214,1,debt_consolidation,0.087,538.23,10.93131966,11.51,747,6240.041667,20380,48.1,2,0,0,0
215,1,credit_card,0.0933,172.55,10.645424900000002,16.09,707,2220.0,38054,61.2,0,0,0,0
216,1,small_business,0.1091,604.88,10.49127422,4.67,697,1410.0,25,0.2,2,0,0,0
217,1,all_other,0.0996,290.24,10.54534144,3.38,697,1782.0,3305,55.1,2,0,0,0
218,1,major_purchase,0.1186,530.36,11.36674295,15.1,682,3900.0,348,4.8,0,0,0,1
219,1,all_other,0.087,158.31,10.08580911,6.15,722,1350.0,3015,25.3,0,0,0,0
220,1,debt_consolidation,0.1059,390.54,10.30895266,19.84,702,2042.0416670000002,7336,71.9,1,0,0,0
221,1,credit_card,0.1249,301.04,10.858999,4.98,662,6630.041667,8644,72.6,1,0,0,0
222,1,small_business,0.1154,659.91,11.47210347,17.81,707,3629.0,93,0.0,2,0,0,1
223,1,small_business,0.0743,217.52,10.66895539,1.65,777,2879.0,2698,9.5,0,0,0,0
224,1,home_improvement,0.1028,388.79,11.48246626,5.58,697,4800.041667,19009,30.0,0,0,0,0
225,1,major_purchase,0.087,158.31,10.77895629,0.38,717,12930.04167,498,7.3,2,1,0,0
226,1,debt_consolidation,0.1217,319.64,11.00209984,19.28,672,4740.0,10358,91.7,2,0,1,1
227,1,credit_card,0.1028,103.68,11.22524339,9.7,682,12780.0,2105,45.3,0,3,0,0
228,1,home_improvement,0.0964,154.08,11.00209984,12.94,697,2969.041667,2822,9.9,3,0,0,0
229,1,debt_consolidation,0.1059,650.9,11.58988651,11.96,707,5070.0,21004,97.7,0,0,0,0
230,1,all_other,0.1375,81.74,10.75790288,24.08,667,2820.0,11675,75.8,1,0,0,0
231,1,all_other,0.0901,238.54,9.875088078,10.37,712,1230.041667,3933,43.7,0,0,0,0
232,1,debt_consolidation,0.128,335.98,10.98189713,7.51,662,4109.041667,7251,80.6,3,0,2,0
233,1,all_other,0.1217,93.23,10.71441777,19.19,692,4440.041667,88,44.0,1,3,0,1
234,1,all_other,0.0933,95.87,10.50780352,2.69,697,4680.0,1492,33.2,2,0,0,0
235,1,debt_consolidation,0.0996,95.94,10.1266311,14.16,692,1918.0416670000002,7121,33.7,0,0,0,0
236,1,debt_consolidation,0.128,554.37,11.03488966,19.22,677,3060.041667,17641,69.5,2,0,0,0
237,1,small_business,0.1438,859.07,11.28978191,20.79,682,3059.041667,30946,61.5,3,0,0,1
238,1,major_purchase,0.0838,472.68,11.251560699999999,7.96,772,5909.041667,0,0.0,0,0,0,0
239,1,credit_card,0.1091,586.9,11.22524339,10.34,697,2669.041667,23391,90.7,1,0,0,0
240,1,major_purchase,0.0964,224.69,9.878169745,21.23,772,5881.0,16324,48.0,0,0,0,0
241,1,debt_consolidation,0.128,483.81,10.49460201,8.47,662,2670.041667,7104,93.5,2,0,0,1
242,1,debt_consolidation,0.1217,399.55,10.08580911,14.5,672,1950.0416670000002,9273,43.9,0,0,0,0
243,1,debt_consolidation,0.1186,232.04,10.82774645,17.02,672,4380.0,6718,94.6,3,0,0,0
244,1,small_business,0.0964,802.47,11.22524339,17.06,767,5691.041667,12017,12.1,4,0,0,1
245,1,debt_consolidation,0.1091,304.9,11.16368368,18.96,692,5430.0,5749,43.2,1,1,0,0
246,1,small_business,0.1249,836.23,11.27545477,7.99,692,4739.0,6530,21.8,0,1,0,0
247,1,all_other,0.0775,124.89,10.08580911,6.0,752,2729.041667,2666,12.1,0,0,0,0
248,1,all_other,0.1028,113.4,10.77895629,17.65,687,2070.0,3761,55.4,2,0,0,0
249,1,credit_card,0.1407,842.47,11.69524702,12.81,677,5340.041667,33698,91.3,0,0,0,0
250,1,debt_consolidation,0.1091,817.41,11.19821472,22.13,737,9900.0,3472,4.5,1,0,0,1
251,1,debt_consolidation,0.1596,421.65,10.46287474,20.82,667,6750.041667,14534,48.9,3,1,0,0
252,1,educational,0.0933,575.17,11.00209984,9.96,732,2732.041667,6703,47.5,1,0,0,0
253,1,all_other,0.1312,405.03,11.56171563,18.25,667,4358.0,5861,53.8,2,0,0,0
254,1,debt_consolidation,0.128,167.99,10.14564911,18.65,662,1380.0,5061,72.3,0,1,0,0
255,1,debt_consolidation,0.0996,677.22,10.89857098,3.77,722,6149.0,16888,39.5,0,0,0,0
256,1,all_other,0.1154,131.99,10.83863929,9.14,667,3990.0,463,92.6,0,0,0,0
257,1,debt_consolidation,0.0933,281.2,10.1266311,0.0,712,3360.041667,0,0.0,0,1,0,0
258,1,debt_consolidation,0.0964,802.47,10.77895629,9.78,742,2550.0,8283,12.7,4,0,0,0
259,1,credit_card,0.1091,505.16,11.61728548,10.86,687,3420.041667,46525,93.6,0,0,0,0
260,1,home_improvement,0.0743,180.23,10.62861778,2.32,772,2610.041667,2650,6.6,0,0,0,0
261,1,small_business,0.0933,798.84,11.51292546,1.57,762,6359.041667,17,0.1,5,0,0,1
262,1,all_other,0.0933,319.54,10.50506754,19.46,727,4470.041667,827,6.6,2,0,0,1
263,1,debt_consolidation,0.0964,32.1,8.517193191,18.0,702,1200.041667,961,26.0,2,0,0,0
264,1,debt_consolidation,0.0964,192.6,9.798127037,2.87,697,1199.041667,1554,29.3,1,0,0,0
265,1,home_improvement,0.1407,764.64,11.81303006,3.66,672,5790.0,10753,52.3,2,3,0,1
266,1,all_other,0.0712,30.94,11.69524702,0.65,792,3810.041667,2227,3.8,1,0,0,0
267,1,credit_card,0.0901,381.66,11.51961693,6.64,722,10290.04167,7606,18.6,0,0,1,0
268,1,debt_consolidation,0.1249,301.04,11.00209984,4.64,662,2222.0,8355,34.4,0,2,0,1
269,1,credit_card,0.1438,687.25,11.32659589,16.05,667,2190.0,27293,86.6,0,0,0,0
270,1,debt_consolidation,0.0964,320.99,11.112447900000001,3.6,712,2850.0,10157,26.2,0,1,0,0
271,1,small_business,0.147,862.97,11.3736634,5.79,677,4739.0,4209,75.2,2,0,0,1
272,1,credit_card,0.0807,250.95,10.89673933,10.44,767,3449.041667,0,0.0,1,0,0,0
273,1,all_other,0.0743,87.01,10.28793329,3.96,767,3930.0,1773,5.0,1,0,0,0
274,1,all_other,0.0775,62.45,10.08580911,2.4,742,2290.041667,949,55.8,1,0,0,1
275,1,home_improvement,0.1375,851.41,11.22524339,19.78,687,2399.041667,12308,43.6,2,0,0,1
276,1,credit_card,0.1059,244.09,10.59600954,12.1,687,4019.0,7914,30.8,3,2,0,0
277,1,debt_consolidation,0.1438,687.25,10.65725935,15.7,672,3690.0,9150,96.3,0,0,0,0
278,1,debt_consolidation,0.1122,656.86,10.55986701,14.04,702,1800.0,21777,53.7,3,0,0,0
279,1,all_other,0.128,537.57,11.48440253,12.43,667,2580.0,4281,63.0,3,0,0,0
280,1,debt_consolidation,0.0964,320.99,10.12502982,8.17,712,3300.0,4475,63.0,0,0,0,0
281,1,debt_consolidation,0.0996,386.99,11.51292546,8.17,707,3839.041667,25413,45.2,2,0,0,0
282,1,small_business,0.0838,315.12,11.58058411,2.28,742,4740.0,15043,65.2,2,0,0,0
283,1,major_purchase,0.1059,292.91,10.16277015,5.56,682,1350.041667,6353,39.5,2,0,0,0
284,1,debt_consolidation,0.0807,125.48,9.980448594,10.33,742,1920.0416670000002,3737,55.8,1,0,0,0
285,1,debt_consolidation,0.0933,383.45,11.13663073,7.47,717,5580.041667,11370,41.6,0,2,0,0
286,1,debt_consolidation,0.1343,523.78,10.49127422,17.4,667,10380.04167,18403,73.3,0,1,0,0
287,1,all_other,0.1217,199.78,11.69524702,6.81,662,2041.0416670000002,19504,77.3,0,0,0,0
288,1,debt_consolidation,0.0933,575.17,11.53272809,16.95,747,3630.0,10463,8.2,2,0,0,0
289,1,debt_consolidation,0.0901,95.42,9.210340372000001,6.72,707,3329.0,2808,51.1,3,1,0,0
290,1,debt_consolidation,0.0901,477.07,11.17043516,6.88,742,4589.041667,6297,14.5,0,0,0,0
291,1,all_other,0.0807,345.06,11.03488966,14.07,792,7867.041667,33060,21.7,0,0,0,0
292,1,all_other,0.1122,155.19,9.893437217,23.03,717,2580.0,4500,13.0,0,0,0,1
293,1,home_improvement,0.0996,644.97,11.21171226,13.28,732,1770.0,2344,9.8,1,0,0,0
294,1,all_other,0.0712,92.8,11.01205017,1.19,797,6270.041667,2907,4.0,0,0,0,0
295,1,debt_consolidation,0.0996,306.36,10.96819829,21.93,727,4593.041667,26218,28.7,2,0,0,0
296,1,debt_consolidation,0.1154,143.53,9.998797732,24.71,707,1291.041667,5967,25.5,0,0,0,0
297,1,credit_card,0.0964,288.89,11.62625415,10.36,702,6119.0,27786,85.5,2,0,1,1
298,1,all_other,0.0933,87.88,11.62625415,13.46,702,6120.0,27786,85.5,2,0,1,1
299,1,all_other,0.0901,381.66,11.69524702,4.28,722,4080.041667,7335,45.8,1,1,0,0
300,1,debt_consolidation,0.1122,197.06,10.80972795,0.0,672,2519.0,0,0.0,1,1,0,0
301,1,credit_card,0.0807,83.92,10.59663473,16.68,737,6988.0,19210,48.3,0,0,0,0
302,1,small_business,0.0964,481.48,10.59663473,4.05,717,2759.041667,11601,85.9,3,0,0,0
303,1,debt_consolidation,0.0996,253.16,10.16585182,6.14,697,2040.0416670000002,991,34.2,1,0,0,0
304,1,all_other,0.0743,77.69,13.16542287,2.45,762,6240.0,141287,9.4,5,1,0,0
305,1,all_other,0.1014,97.0,11.69524702,8.71,687,2311.041667,199,1.1,1,1,0,0
306,1,all_other,0.1046,259.87,11.69524702,11.28,692,5018.041667,63580,80.6,1,0,0,1
307,1,home_improvement,0.0743,124.3,11.04292184,5.82,772,5430.0,773,4.8,0,0,0,0
308,1,debt_consolidation,0.133,67.68,9.798127037,22.0,662,1470.0,1042,37.2,3,1,0,0
309,1,debt_consolidation,0.133,406.07,10.20359214,7.16,662,1530.041667,137,3.2,1,1,0,1
310,1,credit_card,0.0983,241.41,11.47210347,2.69,712,4709.0,1944,47.4,0,0,1,0
311,1,small_business,0.1393,170.72,10.54534144,20.72,662,7109.041667,16613,18.3,1,1,0,1
312,1,educational,0.0838,293.85,9.392661928999999,0.0,737,1139.0,0,0.0,1,0,0,0
313,1,credit_card,0.133,318.09,10.81977828,17.04,662,6179.0,5181,97.8,3,0,1,0
314,1,major_purchase,0.092,63.79,10.08580911,18.65,727,3455.041667,597,14.2,2,1,0,0
315,1,all_other,0.0743,217.52,11.00209984,1.72,807,7230.0,3202,1.1,1,0,0,0
316,1,credit_card,0.1236,667.74,11.79810441,13.42,687,3420.041667,46086,92.7,0,0,0,0
317,1,debt_consolidation,0.1236,133.55,10.81977828,8.66,662,6839.041667,9380,44.1,1,0,1,1
318,1,debt_consolidation,0.1014,421.14,10.59663473,17.01,752,4349.0,35944,56.2,2,0,0,0
319,1,all_other,0.1362,339.94,10.80972795,1.21,672,2519.0,0,0.0,0,1,0,0
320,1,debt_consolidation,0.1078,365.51,11.00209984,14.26,702,6780.041667,7973,89.6,0,0,0,0
321,1,debt_consolidation,0.0807,313.69,10.11050172,9.95,752,5167.0,8522,21.7,1,0,0,0
322,1,credit_card,0.1583,876.83,11.69524702,18.08,677,3330.0,62976,86.1,2,2,0,0
323,1,debt_consolidation,0.1362,316.99,10.30895266,21.88,667,1601.041667,7429,82.5,0,0,0,0
324,1,small_business,0.1236,701.12,10.77895629,0.85,682,2579.0,639,13.6,1,0,0,1
325,1,debt_consolidation,0.1014,485.0,11.38845009,13.73,732,5489.0,14903,35.3,0,0,0,0
326,1,debt_consolidation,0.1236,133.55,10.59653473,9.48,662,4080.041667,2923,28.4,3,0,0,0
327,1,credit_card,0.0838,362.39,11.58058411,8.16,757,5790.0,18314,50.6,1,0,0,0
328,1,all_other,0.0712,108.27,10.26813067,0.0,777,3034.041667,150,7.5,1,0,0,0
329,1,all_other,0.1236,240.39,9.757305042,4.58,662,3840.041667,0,0.0,2,0,0,0
330,1,all_other,0.0743,62.15,11.12714533,9.99,767,8190.041667,2475,5.4,1,1,0,0
331,1,all_other,0.0838,66.18,9.893437217,2.36,722,5790.0,1489,62.0,1,0,0,0
332,1,debt_consolidation,0.1109,327.82,10.63344871,19.32,702,2849.0,15368,87.1,0,0,0,0
333,1,all_other,0.0743,69.14,11.69524702,7.67,762,6007.041667,21521,29.5,1,0,0,1
334,1,home_improvement,0.1078,313.3,11.02190247,14.06,702,5700.041667,4781,15.5,2,0,0,1
335,1,debt_consolidation,0.1141,329.34,11.27090486,14.03,692,4470.041667,8473,27.6,3,1,1,0
336,1,all_other,0.1236,292.97,10.727663,15.53,677,1848.0,8494,44.2,1,0,0,0
337,1,all_other,0.0838,315.12,11.15051985,14.03,762,5519.0,11333,45.5,5,0,0,0
338,1,debt_consolidation,0.0807,225.86,11.02190247,17.0,762,5340.041667,9366,40.7,4,0,0,1
339,1,major_purchase,0.0838,63.03,10.46493024,18.96,742,2190.0,4922,30.6,0,0,0,0
340,1,debt_consolidation,0.1267,536.57,11.42081018,10.13,677,5280.041667,23129,79.8,0,1,0,1
341,1,small_business,0.1204,126.29,11.05089001,12.5,667,3300.0,29736,80.2,3,0,0,0
342,1,credit_card,0.0951,192.23,11.60823564,16.87,722,8519.041667,67232,41.1,1,0,0,0
343,1,all_other,0.1014,97.0,10.77895629,0.0,692,5160.0,0,0.0,0,0,0,0
344,1,debt_consolidation,0.092,318.93,11.25480219,5.93,727,4800.0,11496,26.6,0,0,0,0
345,1,credit_card,0.1078,228.45,10.50506754,7.76,687,2010.0416670000002,6999,65.7,0,0,0,0
346,1,all_other,0.1172,72.78,10.57821615,17.2,667,1410.0,4863,69.5,0,1,0,0
347,1,all_other,0.1141,16.47,9.878169745,3.69,667,8820.0,12229,90.6,0,0,1,0
348,1,all_other,0.0775,124.89,10.96127785,1.33,767,2485.041667,2325,8.2,0,0,0,0
349,1,all_other,0.1109,262.26,11.184421400000002,5.12,687,1949.0416670000002,14653,95.1,0,0,0,1
350,1,credit_card,0.0838,236.34,11.22524339,6.06,742,3149.041667,4286,40.4,0,0,0,0
351,1,debt_consolidation,0.1204,265.87,10.70738554,16.06,677,1949.0416670000002,8009,68.5,0,0,0,0
352,1,debt_consolidation,0.0775,101.47,10.49127422,2.73,742,2550.0,2353,12.4,0,0,0,1
353,1,debt_consolidation,0.0775,218.55,10.81769612,10.37,767,4410.0,6634,9.4,0,0,0,0
354,1,debt_consolidation,0.1014,38.8,10.30895266,19.76,702,4529.041667,0,0.0,0,0,0,0
355,1,credit_card,0.1141,247.0,11.184421400000002,14.65,682,3329.0,5608,47.1,0,0,0,0
356,1,debt_consolidation,0.1299,673.79,10.77895629,18.98,682,4830.041667,13649,42.4,1,0,0,1
357,1,all_other,0.1078,79.96,10.54534144,14.84,677,4140.041667,9973,33.8,0,0,0,0
358,1,debt_consolidation,0.1204,498.51,10.75790288,17.95,677,2609.0,16502,63.0,0,0,0,0
359,1,debt_consolidation,0.1488,692.14,11.23848862,7.11,667,3899.041667,15773,95.0,0,0,0,1
360,1,small_business,0.0951,800.95,11.08214255,2.14,777,4559.041667,3326,14.3,6,0,0,0
361,1,debt_consolidation,0.0983,289.69,9.980448594,4.83,712,1620.041667,7263,39.0,0,0,0,0
362,1,all_other,0.0838,264.71,10.54796956,13.1,767,7560.041667,3451,19.4,0,0,0,0
363,1,debt_consolidation,0.1267,117.38,10.77895629,13.1,662,9659.041667,16770,50.7,0,0,0,0
364,1,all_other,0.1078,293.72,10.49127422,7.93,692,2429.041667,17042,75.1,0,0,0,0
365,1,major_purchase,0.1267,563.4,11.00209984,20.06,697,4560.041667,10686,49.4,0,0,0,0
366,1,credit_card,0.092,318.93,12.01370075,0.33,732,3600.0,45,0.4,0,0,0,0
367,1,all_other,0.0951,230.68,10.38887228,15.84,717,1800.0,3247,33.3,1,0,0,0
368,1,debt_consolidation,0.152,730.04,11.22524339,21.84,677,2640.041667,27839,72.7,0,1,0,0
369,1,all_other,0.0775,312.22,11.65702581,2.89,807,5160.0,0,0.0,1,0,0,0
370,1,major_purchase,0.0807,250.95,11.00209984,9.58,757,13109.0,17246,13.7,1,0,0,0
371,1,debt_consolidation,0.1425,514.49,10.77895629,19.05,667,6209.0,14036,64.4,0,0,0,0
372,1,small_business,0.1046,16.25,10.16585182,14.17,692,4919.041667,5643,60.7,0,0,0,0
373,1,debt_consolidation,0.1204,372.22,10.71441777,21.33,697,4710.0,17850,66.3,1,0,0,0
374,1,debt_consolidation,0.0951,320.38,10.91508846,7.59,722,2340.041667,8382,20.4,1,0,0,0
375,1,small_business,0.1836,504.13,11.33857208,23.04,662,6690.041667,24280,93.4,3,0,0,0
376,1,debt_consolidation,0.1172,413.51,10.49127422,11.9,677,2970.0,8375,91.0,3,0,0,0
377,1,all_other,0.1014,485.0,11.33857208,19.86,742,2763.041667,6437,28.6,4,0,0,0
378,1,credit_card,0.1172,307.66,11.03488966,20.09,697,6392.041667,16890,64.0,0,0,0,0
379,1,all_other,0.1078,130.54,10.37349118,0.38,682,1290.041667,887,38.6,0,0,0,0
380,1,debt_consolidation,0.1299,370.59,10.86856845,17.94,667,3269.0,17771,52.1,2,0,0,1
381,1,debt_consolidation,0.1299,539.03,10.66895539,14.82,677,8159.041667,13115,42.3,2,2,0,0
382,1,major_purchase,0.0775,312.22,10.08580911,0.0,787,3809.041667,5028,12.1,0,0,0,1
383,1,all_other,0.1078,70.17,9.308283446,19.15,692,2399.041667,1,0.2,2,0,1,1
384,1,debt_consolidation,0.1078,440.57,10.52406404,12.58,702,2130.0,10251,33.0,0,0,0,0
385,1,all_other,0.092,175.42,10.51867319,16.74,727,4590.041667,6566,48.6,1,0,0,0
386,1,all_other,0.1046,194.91,10.81977828,5.06,687,4464.0,9516,63.4,1,0,0,0
387,1,debt_consolidation,0.1172,165.41,11.00209984,0.0,672,2520.0,2126,6.4,1,0,0,0
388,1,debt_consolidation,0.133,406.07,10.71441777,4.67,662,2849.0,7209,38.1,1,0,0,1
389,1,debt_consolidation,0.1172,82.71,11.03488966,19.29,677,4319.0,7180,34.4,3,0,0,1
390,1,debt_consolidation,0.0838,189.08,10.60905725,12.5,727,2550.0,7386,42.4,0,0,0,0
391,1,all_other,0.0712,57.23,10.46310334,11.59,772,5970.041667,6035,19.0,0,0,0,0
392,1,small_business,0.133,338.39,11.69524702,6.31,662,6150.0,28653,89.3,0,0,0,1
393,1,debt_consolidation,0.1204,498.51,11.51292546,15.82,682,9150.0,49459,88.8,1,2,0,0
394,1,credit_card,0.1267,737.78,11.40756495,13.04,697,5100.0,22738,30.8,0,1,0,0
395,1,credit_card,0.092,306.18,11.03488966,13.12,742,5250.041667,24406,40.3,1,0,0,1
396,1,debt_consolidation,0.0951,592.7,10.34174248,16.49,747,4260.041667,25946,37.9,0,0,0,0
397,1,all_other,0.1014,611.1,10.69194491,9.79,732,5940.041667,0,0.0,0,0,0,0
398,1,debt_consolidation,0.0951,461.35,11.38586452,9.96,732,5250.041667,4765,16.5,0,0,1,0
399,1,debt_consolidation,0.1583,841.76,11.22524339,15.38,662,3420.041667,15222,77.3,0,2,0,0
400,1,small_business,0.1078,244.76,11.35040654,1.78,687,9480.0,8035,50.5,1,1,1,0
401,1,debt_consolidation,0.1014,452.67,11.22524339,16.54,722,4800.0,14214,39.4,0,0,0,1
402,1,debt_consolidation,0.1046,649.68,11.65702581,16.2,732,5129.0,23442,42.1,2,0,0,0
403,1,credit_card,0.0838,226.89,12.07254125,15.11,742,4919.041667,101443,13.7,6,0,0,0
404,1,debt_consolidation,0.1204,498.51,11.51292546,14.32,677,4439.0,25988,98.8,1,0,0,0
405,1,debt_consolidation,0.1615,880.78,11.6351431,24.84,682,7619.0,51039,93.8,0,1,0,1
406,1,debt_consolidation,0.1141,658.67,10.96578158,10.14,702,5999.041667,23370,70.0,1,0,0,0
407,1,all_other,0.1172,231.57,12.20607265,15.46,692,6629.0,119420,95.1,0,0,0,0
408,1,all_other,0.1014,258.67,10.81977828,8.78,702,3946.0,0,0.0,0,0,0,0
409,1,debt_consolidation,0.1109,157.36,10.73639668,11.37,677,2729.041667,15564,56.6,1,0,0,0
410,1,debt_consolidation,0.1236,300.48,11.35040654,21.8,677,5069.0,13686,48.7,1,0,0,0
411,1,home_improvement,0.1141,658.67,12.834681300000002,0.63,702,6330.041667,6921,0.0,2,0,0,0
412,1,debt_consolidation,0.1014,129.34,10.49127422,7.07,697,1560.041667,4220,53.4,2,0,0,0
413,1,all_other,0.1393,170.72,11.184421400000002,22.57,662,2940.0,29877,75.6,2,0,0,0
414,1,credit_card,0.133,101.52,10.47005058,24.79,697,5569.0,21573,73.7,1,0,0,1
415,1,small_business,0.1078,365.51,11.28978191,7.56,697,4980.041667,18316,81.0,1,1,0,1
416,1,small_business,0.0775,337.19,10.08580911,10.1,782,5400.0,1458,18.0,1,0,0,0
417,1,debt_consolidation,0.092,382.72,10.59663473,10.14,747,7800.041667,3179,11.0,1,0,1,0
418,1,debt_consolidation,0.0838,403.36,11.08214255,7.26,757,5580.041667,4365,51.4,0,0,0,0
419,1,credit_card,0.0775,305.97,11.00209984,9.2,797,6270.0,209,1.9,0,0,0,0
420,1,debt_consolidation,0.133,676.78,10.81977828,20.42,692,7710.0,12573,71.8,2,1,0,0
421,1,credit_card,0.1236,767.89,11.46163217,16.07,702,2580.0,806,10.3,2,0,0,1
422,1,debt_consolidation,0.1109,491.73,10.37349118,4.8,697,3480.041667,4134,39.4,1,0,0,1
423,1,debt_consolidation,0.1172,496.22,11.09741002,2.42,682,6329.041667,0,0.0,1,0,0,0
424,1,credit_card,0.1078,228.45,11.14908203,16.51,692,5009.041667,22157,98.0,0,0,0,0
425,1,debt_consolidation,0.1109,819.54,11.40756495,17.11,722,6539.0,54925,97.8,0,0,0,0
426,1,credit_card,0.1078,261.08,11.26446411,16.75,692,4290.041667,50908,37.1,0,2,0,0
427,1,credit_card,0.1078,81.59,11.58058411,16.37,682,9960.041667,16164,80.0,1,0,0,0
428,1,debt_consolidation,0.1078,278.22,11.60823564,18.58,702,7230.0,14046,80.3,0,0,0,1
429,1,debt_consolidation,0.0775,312.22,10.00784757,5.24,792,5010.041667,4767,8.7,0,0,0,0
430,1,all_other,0.1141,59.28,11.19821472,21.01,692,2580.0,23882,89.8,0,0,0,0
431,1,educational,0.0807,376.43,9.903487553,8.88,782,8160.041667,674,2.6,1,0,0,0
432,1,small_business,0.0983,804.69,11.184421400000002,8.98,757,4619.041667,56842,14.4,6,0,0,0
433,1,home_improvement,0.1046,812.09,12.13384061,1.88,727,10199.0,19948,77.0,2,0,0,0
434,1,home_improvement,0.1078,130.54,10.81977828,15.5,687,8369.0,10979,37.2,0,2,0,0
435,1,debt_consolidation,0.1141,329.34,10.59663473,15.93,692,3539.041667,14643,76.4,0,0,0,0
436,1,debt_consolidation,0.1172,99.25,10.91871823,12.85,682,2670.041667,15680,89.6,1,0,0,0
437,1,debt_consolidation,0.1362,381.58,10.30895266,19.52,667,4412.0,16670,71.7,0,0,0,0
438,1,debt_consolidation,0.1078,310.03,11.21989579,8.22,697,3707.0,2624,48.6,1,0,0,0
439,1,debt_consolidation,0.0838,78.78,10.34174248,10.61,722,7089.041667,2773,10.8,1,0,0,0
440,1,debt_consolidation,0.0951,608.72,11.14186178,11.29,767,9179.0,2279,20.7,3,0,0,0
441,1,debt_consolidation,0.0983,386.25,11.26446411,15.74,722,4379.0,28110,31.9,0,0,0,0
442,1,small_business,0.092,669.76,12.37581542,2.7,792,9029.041667,997,1.2,2,0,0,0
443,1,debt_consolidation,0.092,478.4,10.91508846,12.28,747,7380.0,2787,2.3,1,0,0,0
444,1,all_other,0.0838,567.22,11.06663836,5.25,772,3540.041667,1612,12.1,4,0,0,1
445,1,credit_card,0.1488,346.07,11.08214255,23.89,672,7260.0,10214,65.1,1,2,1,0
446,1,debt_consolidation,0.1425,685.99,10.77895629,2.1,672,3870.041667,19892,83.6,2,0,0,0
447,1,all_other,0.092,255.15,10.46310334,1.03,727,1230.041667,1834,12.8,1,0,0,0
448,1,home_improvement,0.1204,498.51,12.21602298,17.08,682,5820.0,108397,67.3,3,0,0,0
449,1,home_improvement,0.0775,124.89,11.08214255,9.25,757,5010.041667,3348,5.3,0,0,0,0
450,1,all_other,0.0743,217.52,10.40426284,10.04,772,3630.0,983,2.1,1,0,0,0
451,1,all_other,0.0983,241.41,11.06663836,0.58,712,5430.0,603,30.1,0,1,0,0
452,1,debt_consolidation,0.133,406.07,10.81683395,24.22,692,6509.0,13662,60.7,0,1,0,0
453,1,debt_consolidation,0.06,467.45,11.04292184,15.28,687,4652.041667,26044,34.5,3,0,0,0
454,1,credit_card,0.0983,386.25,10.1266311,16.75,732,4918.041667,16212,50.7,0,0,0,0
455,1,debt_consolidation,0.0983,257.5,10.49127422,21.33,762,6300.041667,8516,11.1,0,0,0,0
456,1,credit_card,0.0807,62.74,10.30895266,3.68,732,2580.0,3953,15.9,0,0,0,0
457,1,major_purchase,0.092,223.26,11.38509209,13.28,727,5836.0,12672,21.0,3,3,0,0
458,1,debt_consolidation,0.0951,320.38,10.85127695,9.6,717,1469.0,1346,23.2,2,0,0,0
459,1,debt_consolidation,0.092,318.93,10.71441777,4.88,732,4079.0,12425,94.2,0,0,0,0
460,1,debt_consolidation,0.1393,527.52,10.645424900000002,19.71,667,2490.0,12032,87.2,3,0,1,1
461,1,credit_card,0.0775,327.83,10.95779958,12.86,802,5490.0,14377,10.2,0,0,0,0
462,1,all_other,0.0951,640.76,11.28978191,0.22,767,8476.0,464,18.6,8,0,0,1
463,1,debt_consolidation,0.1172,196.84,10.47522952,15.38,697,1709.0416670000002,10900,42.4,3,0,0,0
464,1,debt_consolidation,0.1046,42.23,10.75790288,18.15,707,2309.041667,7006,48.0,1,0,1,0
465,1,debt_consolidation,0.0983,136.0,10.77895629,11.93,717,6329.041667,19708,37.1,0,1,0,0
466,1,debt_consolidation,0.1267,182.77,11.21182037,11.25,707,8100.0,30949,54.3,0,0,0,0
467,1,debt_consolidation,0.1046,194.91,10.54534144,13.42,697,4080.0,6101,36.8,3,0,0,0
468,1,all_other,0.0832,94.46,10.1266311,1.54,727,2010.0416670000002,1235,28.7,0,0,0,0
469,1,debt_consolidation,0.1261,450.67,10.46310334,19.71,692,3030.041667,18028,88.4,1,0,0,0
470,1,debt_consolidation,0.0945,387.32,10.89673933,11.02,742,3285.0,8828,54.8,5,0,0,0
471,1,debt_consolidation,0.0863,47.45,9.77246729,9.37,722,5099.0,6033,31.1,1,0,0,0
472,1,credit_card,0.0832,201.5,10.81977828,13.99,752,5040.041667,64885,39.6,0,0,0,0
473,1,debt_consolidation,0.1324,405.72,11.31447453,15.12,672,5760.041667,27905,81.8,1,2,0,0
474,1,debt_consolidation,0.1197,336.98,11.40863105,6.61,692,9570.0,14081,73.7,0,0,1,0
475,1,all_other,0.0945,333.7,11.00209984,6.02,787,10860.0,426,0.7,0,0,0,1
476,1,debt_consolidation,0.1387,655.0,11.28522153,7.16,672,12554.04167,12301,56.4,1,0,0,0
477,1,all_other,0.0863,101.21,9.798127037,14.38,722,1530.0,0,0.0,0,0,0,0
478,1,small_business,0.0976,533.77,9.903487553,4.68,737,3408.041667,2248,11.6,0,0,0,0
479,1,all_other,0.1071,16.31,8.9751293,3.04,682,6929.0,44,3.7,2,1,0,0
480,1,small_business,0.1008,807.62,10.51867319,8.53,767,3346.0,2296,7.6,3,0,0,0
481,1,debt_consolidation,0.1292,347.5,11.15625052,9.05,702,4530.041667,16264,90.6,3,0,0,1
482,1,all_other,0.1039,194.71,10.66895539,17.47,702,3540.041667,12758,40.4,0,0,0,0
483,1,all_other,0.08,188.02,10.77895629,14.08,792,4890.041667,2573,16.3,1,0,0,0
484,1,debt_consolidation,0.0976,237.95,11.14186178,12.57,762,3420.041667,15176,31.6,0,0,0,0
485,1,debt_consolidation,0.1008,148.61,10.645424900000002,5.91,727,4680.0,7239,16.3,2,0,0,0
486,1,credit_card,0.0863,189.77,10.57131693,11.2,722,2670.041667,11217,52.9,3,0,0,0
487,1,debt_consolidation,0.1008,84.0,10.23995979,14.57,702,2490.0,12979,31.0,0,0,0,0
488,1,all_other,0.0976,192.93,12.20607265,4.84,707,5760.041667,21894,0.0,2,0,0,0
489,1,all_other,0.1197,431.6,11.32659589,3.92,682,3479.041667,4933,15.1,2,0,0,0
490,1,debt_consolidation,0.1071,339.06,10.35456317,4.74,722,1290.041667,6206,35.3,0,0,0,0
491,1,debt_consolidation,0.0976,225.09,10.22557105,17.78,717,1830.0,16326,48.6,2,0,0,0
492,1,debt_consolidation,0.1039,243.38,10.71441777,5.57,707,4140.041667,33,0.3,0,0,0,0
493,1,debt_consolidation,0.0737,24.84,10.46310334,7.65,777,4620.041667,19901,29.8,0,0,0,0
494,1,credit_card,0.08,90.88,9.852194257999999,6.32,737,2981.0,4385,24.0,0,0,0,0
495,1,debt_consolidation,0.1355,589.2,10.69194491,18.52,677,4800.0,18966,70.5,2,0,0,0
496,1,home_improvement,0.0945,96.03,11.22524339,1.49,712,6220.0,8788,39.2,0,0,1,0
497,1,all_other,0.1071,48.91,10.645424900000002,18.14,697,3091.041667,1276,63.8,1,0,0,0
498,1,debt_consolidation,0.1229,200.12,10.49127422,14.77,672,4830.0,22635,45.5,0,0,0,0
499,1,credit_card,0.0768,199.61,11.52682837,0.83,777,8370.0,1715,8.2,1,0,0,0
500,1,credit_card,0.08,310.24,11.52682837,3.19,777,8370.0,1715,8.2,1,0,0,0
501,1,all_other,0.0976,80.39,9.998797732,22.25,737,2404.041667,2574,10.5,1,0,0,0
502,1,credit_card,0.0832,160.57,10.98529272,7.08,767,13319.04167,25336,35.9,0,0,0,0
503,1,debt_consolidation,0.1355,343.0,10.2797298,15.82,667,3539.041667,18485,65.3,1,0,1,1
504,1,debt_consolidation,0.0945,272.09,10.81985828,17.33,737,2430.041667,9048,26.6,1,0,0,0
505,1,credit_card,0.1324,307.67,10.8036489,7.37,672,7020.0,14421,83.8,0,2,0,0
506,1,debt_consolidation,0.0976,200.17,9.92329018,18.35,742,2879.0,9121,55.4,1,0,0,0
507,1,all_other,0.1071,260.82,12.27839331,17.66,707,6630.0,120563,92.4,0,0,0,0
508,1,all_other,0.08,94.01,10.04324949,12.05,742,1259.041667,710,7.8,4,0,0,0
509,1,educational,0.0976,46.63,11.08214255,7.74,707,3509.041667,20762,48.5,2,0,0,0
510,1,debt_consolidation,0.0863,189.77,10.65320408,10.8,732,3451.041667,1839,15.6,3,0,0,0
511,1,debt_consolidation,0.0976,627.02,11.40756495,1.95,767,3180.041667,8629,17.6,0,0,0,0
512,1,debt_consolidation,0.1166,330.53,10.81174611,8.4,687,3300.0,11735,93.9,2,0,0,0
513,1,all_other,0.1039,584.12,11.28978191,0.86,717,2092.041667,5506,52.4,1,0,0,0
514,1,debt_consolidation,0.1197,199.2,10.98189713,6.0,672,4410.0,3831,34.2,0,1,0,1
515,1,all_other,0.0768,187.14,11.22524339,2.54,802,6451.041667,6094,2.8,0,0,0,0
516,1,credit_card,0.1008,193.83,10.59663473,16.17,712,2699.041667,15597,60.0,1,0,0,0
517,1,small_business,0.1008,807.62,11.87756858,3.84,762,4725.0,52214,8.7,8,0,0,0
518,1,small_business,0.0976,644.71,10.16585182,9.14,762,6752.041667,507,3.5,0,0,0,1
519,1,debt_consolidation,0.1071,195.61,10.38554326,11.12,687,4079.0,0,0.0,1,0,0,0
520,1,debt_consolidation,0.1103,163.77,10.53209621,5.73,682,3299.0,4760,60.3,0,0,0,0
521,1,all_other,0.1418,856.63,11.09741002,22.45,707,2092.041667,25160,32.8,2,0,0,1
522,1,debt_consolidation,0.1103,327.53,10.30895266,13.4,707,3359.0,10837,83.4,1,0,0,1
523,1,small_business,0.08,313.37,11.65268741,12.0,777,5941.0,90335,53.5,3,0,0,0
524,1,small_business,0.0976,128.62,11.05089001,2.7,712,6810.041667,4010,8.1,0,0,0,0
525,1,debt_consolidation,0.1261,167.54,10.1266311,4.56,667,4799.0,3389,47.1,2,0,1,0
526,1,debt_consolidation,0.1134,501.73,11.22524339,15.14,707,6030.041667,39702,84.5,0,0,0,0
527,1,home_improvement,0.0945,544.17,11.00209984,0.6,762,3390.041667,653,3.2,2,0,0,0
528,1,debt_consolidation,0.08,188.02,11.00209984,9.82,762,6419.041667,5274,45.9,1,0,0,0
529,1,debt_consolidation,0.1166,90.07,10.858999,14.45,677,2609.0,11788,24.7,3,0,0,0
530,1,debt_consolidation,0.0737,93.14,9.774118912,12.7,772,6149.0,122,3.7,0,0,0,0
531,1,debt_consolidation,0.1545,348.87,10.91501573,13.16,662,7979.0,22122,78.7,2,0,0,0
532,1,small_business,0.0768,155.95,10.23995979,0.43,792,2267.0,103,1.5,0,0,0,0
533,1,educational,0.0976,347.27,11.32176496,11.89,722,8669.041667,8866,24.3,1,0,1,0
534,1,small_business,0.1134,493.5,11.51292546,2.32,697,5970.041667,4929,33.5,1,1,0,0
535,1,all_other,0.0976,80.39,10.49127422,0.5,702,1680.0416670000002,11794,59.3,0,0,0,0
536,1,small_business,0.1292,507.36,10.645424900000002,23.29,717,5220.041667,462,11.3,2,0,1,0
537,1,debt_consolidation,0.1324,608.58,11.00209984,22.4,687,3151.041667,5855,54.7,0,0,1,1
538,1,debt_consolidation,0.1008,646.1,11.00209984,10.06,742,3960.0,6688,39.1,0,0,0,0
539,1,credit_card,0.1229,25.02,9.852194257999999,24.0,707,2700.041667,12220,84.9,0,0,0,0
540,1,debt_consolidation,0.1071,195.61,10.42228135,20.11,717,2309.041667,8736,45.7,1,0,0,0
541,1,all_other,0.1324,507.15,11.14764215,3.29,672,3659.0,170,34.0,0,0,0,0
542,1,debt_consolidation,0.1418,548.25,10.85220675,11.13,662,2519.0,15923,90.5,0,0,0,0
543,1,all_other,0.0863,142.33,9.210340372000001,0.0,727,1110.0,0,0.0,0,1,0,0
544,1,home_improvement,0.1166,495.79,10.49127422,5.17,692,4440.0,1340,53.6,2,1,0,1
545,1,all_other,0.1103,327.53,10.11070495,9.17,692,4110.0,8575,70.3,0,1,0,0
546,1,all_other,0.1103,98.26,10.62132735,16.92,682,1560.0,21498,42.4,1,0,0,0
547,1,credit_card,0.1482,587.82,11.55214618,20.12,667,8250.041667,32406,91.8,1,4,0,0
548,1,debt_consolidation,0.1197,131.97,9.782505656,15.51,672,4290.041667,7902,17.0,2,0,0,0
549,1,home_improvement,0.1166,330.53,11.43388226,10.74,677,5519.0,46789,66.7,3,0,0,1
550,1,debt_consolidation,0.1261,254.65,11.24575165,4.62,667,5129.0,7897,47.9,1,0,0,0
551,1,credit_card,0.1134,236.88,10.51867319,24.31,742,4710.0,6422,14.5,2,0,0,0
552,1,small_business,0.08,313.37,10.1266311,12.14,802,7890.041667,1467,9.2,0,0,0,0
553,1,credit_card,0.1166,826.31,11.51292546,18.88,722,1949.0416670000002,16694,33.1,0,0,0,0
554,1,debt_consolidation,0.08,156.69,10.37098805,10.71,762,2309.041667,1698,7.9,0,0,0,0
555,1,all_other,0.1197,318.72,10.51856508,20.63,702,3270.0,8801,72.7,0,0,0,0
556,1,debt_consolidation,0.1039,171.18,10.71441777,20.69,732,2610.0,5500,28.2,0,0,0,0
557,1,debt_consolidation,0.0863,373.21,11.00209984,7.8,757,3390.0,3282,32.6,3,0,0,0
558,1,small_business,0.1261,820.91,11.69524702,5.76,697,2141.041667,23908,62.8,3,0,0,1
559,1,credit_card,0.1071,815.04,10.858999,11.86,727,1694.0416670000002,6088,8.3,0,0,0,1
560,1,all_other,0.1071,358.62,11.00209984,0.4,707,1620.041667,2217,28.4,2,0,0,0
561,1,debt_consolidation,0.1292,213.72,11.294955999999999,20.15,677,8520.041667,22247,93.1,1,0,0,0
562,1,debt_consolidation,0.1197,99.6,11.26446411,14.8,672,4140.041667,14555,77.0,0,0,0,0
563,1,debt_consolidation,0.0945,409.73,11.51292546,10.51,742,3900.041667,15491,25.4,3,0,0,0
564,1,debt_consolidation,0.1387,341.15,10.96819829,24.72,702,6839.041667,24299,58.6,0,0,0,1
565,1,debt_consolidation,0.1703,535.02,11.58058411,15.81,662,6660.0,44543,86.8,0,0,0,1
566,1,credit_card,0.0976,160.78,10.448714599999999,1.46,712,2970.0,3735,21.5,0,0,0,0
567,1,home_improvement,0.1008,129.22,10.385913699999998,16.26,717,1560.0,2352,27.3,1,0,0,0
568,1,debt_consolidation,0.1261,335.07,10.858999,12.02,672,2699.041667,7607,46.7,0,0,0,0
569,1,debt_consolidation,0.1103,294.78,10.71441777,8.29,687,2760.041667,12303,59.7,0,0,0,0
570,1,credit_card,0.1039,233.65,10.77895629,12.63,702,1140.0,5824,44.7,0,0,0,0
571,1,debt_consolidation,0.1292,504.84,10.71441777,6.08,677,3240.0,5071,78.0,1,1,0,1
572,1,debt_consolidation,0.1039,486.76,10.88382293,11.37,717,2250.0,24,0.3,0,0,0,0
573,1,debt_consolidation,0.1197,398.4,10.71441777,22.67,702,3183.041667,16616,66.7,0,0,0,0
574,1,debt_consolidation,0.1103,671.44,10.55581274,15.72,722,3580.041667,31566,32.3,1,0,0,1
575,1,small_business,0.1261,670.13,10.54534144,4.04,687,3570.041667,4110,91.3,0,0,0,0
576,1,debt_consolidation,0.1071,521.63,10.59653473,19.23,722,3120.041667,16738,77.9,1,0,0,0
577,1,all_other,0.0976,803.87,12.20607265,4.95,777,2159.0,54392,0.0,0,0,0,0
578,1,home_improvement,0.1103,98.26,11.23697432,11.8,717,6589.0,46427,98.4,0,0,0,0
579,1,credit_card,0.1387,135.61,10.08580911,21.9,662,4200.041667,10944,82.3,1,0,0,0
580,1,debt_consolidation,0.1324,676.2,11.28978191,20.73,697,4080.0,16805,64.1,0,0,0,0
581,1,debt_consolidation,0.0976,321.55,10.54534144,3.22,722,2670.041667,9255,63.0,0,0,0,0
582,1,debt_consolidation,0.1071,652.04,10.86969163,13.11,727,4085.0,16194,39.8,1,0,0,0
583,1,debt_consolidation,0.0976,771.72,11.91839057,0.22,782,4319.041667,4643,5.8,3,0,0,0
584,1,debt_consolidation,0.0863,316.28,10.30895266,13.16,752,4109.0,3808,31.0,2,0,0,0
585,1,debt_consolidation,0.145,516.32,11.08214255,15.6,662,3570.041667,9080,63.9,1,0,0,0
586,1,debt_consolidation,0.1039,292.06,10.49460201,14.45,707,1621.041667,4551,25.3,0,0,0,0
587,1,debt_consolidation,0.1166,330.53,10.4341158,23.96,742,3840.041667,11927,45.5,2,0,0,0
588,1,small_business,0.1355,339.6,11.17885035,3.35,662,5460.0,5261,73.1,2,1,0,1
589,1,debt_consolidation,0.0768,93.57,10.5865844,0.91,767,5520.0,1139,27.1,1,0,0,0
590,1,debt_consolidation,0.0976,192.93,10.13459927,5.43,707,2820.041667,5280,40.6,1,0,0,0
591,1,credit_card,0.0945,320.1,11.08214255,11.69,727,2641.0,13607,63.3,3,0,0,0
592,1,debt_consolidation,0.1134,394.8,10.54534144,8.72,687,4261.041667,11134,70.9,0,0,0,0
593,1,home_improvement,0.1134,329.0,11.22524339,14.8,712,2970.0,23623,45.7,3,0,0,0
594,1,debt_consolidation,0.1103,311.16,11.22524339,11.3,692,4380.0,9711,71.4,0,1,0,0
595,1,debt_consolidation,0.08,94.01,10.49127422,2.6,742,4380.0,2456,23.4,0,1,0,0
596,1,debt_consolidation,0.1387,341.15,10.4744671,13.19,662,4050.0,11969,88.0,2,0,0,1
597,1,small_business,0.0945,192.06,11.00209984,13.16,732,4470.0,32421,55.0,0,0,0,0
598,1,major_purchase,0.0832,182.61,10.46367461,0.72,742,2767.041667,1348,5.2,3,0,0,0
599,1,debt_consolidation,0.1671,710.18,11.08214255,20.09,662,4110.0,26255,74.3,1,0,0,0
600,1,debt_consolidation,0.1071,508.59,10.77895629,14.58,717,5219.0,20838,62.6,1,0,0,1
601,1,credit_card,0.0945,456.94,11.81303006,11.18,737,3660.0,11188,56.0,1,0,0,0
602,1,all_other,0.08,313.37,11.66992921,0.0,787,8370.0,0,0.0,0,0,0,0
603,1,home_improvement,0.0863,28.47,10.95080655,0.32,717,1680.0416670000002,167,3.3,2,0,0,0
604,1,debt_consolidation,0.1166,330.53,10.30895266,15.44,687,2159.0,10997,75.3,0,0,0,0
605,1,major_purchase,0.1008,32.31,10.54534144,20.53,732,3360.0,2308,46.2,0,0,0,0
606,1,debt_consolidation,0.1197,481.4,11.08214255,8.6,687,3270.0,15506,95.7,1,0,0,1
607,1,debt_consolidation,0.1134,263.2,10.08580911,9.8,682,3210.041667,7720,63.7,2,0,0,0
608,1,debt_consolidation,0.1071,163.01,10.828401,6.95,687,4229.041667,11973,70.8,0,0,1,0
609,1,all_other,0.0976,675.25,10.71441777,1.79,767,2044.0416670000002,142,0.6,0,0,0,0
610,1,home_improvement,0.0976,482.32,10.16585182,5.77,777,4560.041667,3050,2.9,1,0,0,1
611,1,debt_consolidation,0.1134,493.5,10.96335901,8.61,697,5129.0,14453,45.5,1,0,0,0
612,1,all_other,0.0976,180.07,10.59663473,7.47,707,2939.0,7842,43.8,2,0,0,0
613,1,debt_consolidation,0.1039,162.26,11.15051985,15.72,707,2970.0,5762,43.3,1,0,0,1
614,1,home_improvement,0.0863,316.28,11.60093634,6.4,742,4080.0,2339,44.1,0,0,0,0
615,1,debt_consolidation,0.1387,375.26,10.81985828,20.93,672,2340.041667,17436,93.2,0,0,0,0
616,1,debt_consolidation,0.0976,482.32,10.91508846,15.1,762,7920.041667,11648,14.8,1,0,0,1
617,1,debt_consolidation,0.145,663.47,10.42228135,9.86,667,2940.0,8731,56.7,1,0,0,1
618,1,debt_consolidation,0.1513,173.65,10.93339264,21.32,667,3600.041667,22210,98.3,0,0,0,0
619,1,debt_consolidation,0.0863,221.4,10.645424900000002,2.74,727,2310.041667,6496,40.1,0,0,0,0
620,1,debt_consolidation,0.1103,360.29,9.92329018,6.82,697,1530.0,3041,84.5,2,0,0,1
621,1,all_other,0.1166,330.53,10.30895266,8.56,682,1200.0,2000,46.5,3,0,0,0
622,1,major_purchase,0.0976,321.55,10.08580911,2.7,717,5168.0,3717,16.1,3,1,0,1
623,1,debt_consolidation,0.1576,420.47,11.51292546,18.55,667,4560.041667,34841,89.6,0,0,0,0
624,1,all_other,0.0945,224.07,11.44035477,10.86,717,4080.0,5257,32.9,1,0,0,1
625,1,debt_consolidation,0.1418,548.25,11.84934056,3.4,662,2610.0,15193,33.4,0,0,0,0
626,1,all_other,0.1134,329.0,10.261161999999999,5.37,687,2730.041667,3245,54.1,2,0,1,0
627,1,debt_consolidation,0.1229,490.29,10.52406404,21.94,702,1950.0416670000002,14694,43.1,2,0,0,1
628,1,all_other,0.08,225.63,11.32659589,5.54,762,4259.041667,438,0.8,3,0,0,0
629,1,all_other,0.0976,257.24,10.59663473,18.72,742,6569.0,38605,67.7,0,0,0,0
630,1,debt_consolidation,0.1071,95.36,10.20359214,6.62,682,1199.0,6611,49.1,1,0,0,0
631,1,debt_consolidation,0.1418,274.13,10.53049493,20.71,662,4140.041667,5723,52.0,1,0,0,0
632,1,home_improvement,0.08,156.69,11.28978191,3.75,762,12668.04167,8366,7.1,0,0,0,0
633,1,debt_consolidation,0.1197,351.92,10.57254694,14.9,682,2579.0,7583,80.7,0,0,0,1
634,1,debt_consolidation,0.1039,194.71,9.729134165,7.5,692,1920.0,4524,94.2,1,0,0,0
635,1,home_improvement,0.1008,258.44,11.03488966,0.81,712,3660.0,3596,25.1,1,0,1,0
636,1,major_purchase,0.1608,879.92,10.71441777,6.4,667,5160.0,12704,54.1,0,3,0,1
637,1,credit_card,0.0945,150.45,11.08214255,11.13,717,5208.0,16724,41.7,0,0,0,0
638,1,home_improvement,0.0945,640.2,11.69524702,4.19,787,5159.0,311,0.0,2,0,0,0
639,1,debt_consolidation,0.1292,168.28,11.184421400000002,19.67,687,4710.0,19771,92.4,1,0,0,0
640,1,debt_consolidation,0.1008,581.49,11.12431747,11.01,732,3389.0,10826,41.5,0,0,0,0
641,1,home_improvement,0.0945,640.2,10.70324447,0.81,797,3450.041667,281,1.7,1,0,0,0
642,1,all_other,0.1513,694.59,11.251560699999999,10.25,662,3332.0,4289,66.0,1,0,0,0
643,1,debt_consolidation,0.1292,807.74,11.29849385,15.08,697,4440.0,21364,86.5,0,0,0,1
644,1,all_other,0.0976,514.48,13.25759333,1.61,742,6390.041667,22627,27.3,1,0,0,0
645,1,debt_consolidation,0.1418,411.19,11.20721519,18.16,662,3209.041667,11258,71.7,1,0,0,0
646,1,debt_consolidation,0.1039,389.41,10.34817337,17.0,717,3209.041667,0,0.0,2,0,0,0
647,1,debt_consolidation,0.1387,264.39,10.30895266,24.68,682,1500.0,26996,66.8,0,0,0,0
648,1,all_other,0.0976,482.32,11.08214255,11.35,737,3990.0,3834,33.3,2,0,0,1
649,1,debt_consolidation,0.1355,645.24,11.87756858,1.67,677,5370.041667,9416,95.1,2,0,0,0
650,1,debt_consolidation,0.1229,293.51,10.81977828,20.04,692,3360.0,25807,59.8,1,0,0,0
651,1,all_other,0.0863,316.28,11.00209984,8.94,732,4440.0,16167,44.3,3,0,0,0
652,1,debt_consolidation,0.1134,361.9,10.858999,9.39,687,2703.041667,12678,43.6,0,0,1,0
653,1,debt_consolidation,0.1229,281.84,14.52835448,0.13,672,1293.041667,8747,51.8,1,0,0,0
654,1,debt_consolidation,0.1071,684.64,11.08214255,2.9,722,1380.041667,5694,17.7,1,0,0,1
655,1,debt_consolidation,0.1324,338.1,11.09741002,18.2,672,4620.041667,12008,54.2,3,1,0,0
656,1,debt_consolidation,0.1197,278.88,10.84778248,20.96,697,4619.041667,14129,84.1,0,0,0,0
657,1,home_improvement,0.1039,486.76,11.58988651,8.92,712,3059.041667,15553,20.0,1,0,0,0
658,1,home_improvement,0.1197,298.8,11.28978191,19.37,682,9059.041667,26966,70.2,1,0,1,0
659,1,all_other,0.1166,330.53,11.06663836,13.33,712,4383.0,2388,48.7,2,0,0,0
660,1,debt_consolidation,0.1261,234.55,10.46310334,9.63,667,1290.041667,11698,78.5,1,0,0,0
661,1,credit_card,0.0976,241.16,11.40756495,12.32,722,1950.0416670000002,5570,25.4,3,0,0,0
662,1,major_purchase,0.0945,224.07,9.915613732,5.99,712,4470.0,4641,33.1,0,0,0,0
663,1,debt_consolidation,0.1166,396.63,10.77895629,10.05,682,2670.0,15774,44.8,2,0,0,0
664,1,debt_consolidation,0.1324,507.15,10.75312553,10.03,672,4110.0,9288,71.4,0,0,0,0
665,1,debt_consolidation,0.1355,288.66,10.264652400000001,17.56,662,1889.0,17488,90.6,1,0,0,0
666,1,debt_consolidation,0.0832,409.3,10.26813067,0.83,807,5189.0,209,2.3,1,0,0,0
667,1,debt_consolidation,0.1292,222.97,10.23995979,19.93,667,5729.041667,15049,71.3,0,0,0,0
668,1,all_other,0.1197,365.2,10.49127422,15.83,682,4410.0,23253,72.0,1,0,0,0
669,1,debt_consolidation,0.1261,603.12,11.14186178,14.02,682,3570.041667,10769,63.0,1,1,0,0
670,1,credit_card,0.1387,852.87,11.05089001,17.28,692,8700.041667,21357,42.0,1,0,0,0
671,1,debt_consolidation,0.0945,320.1,11.45105006,7.44,727,3360.0,29884,43.6,0,0,0,0
672,1,home_improvement,0.1008,807.62,11.46163217,10.42,757,11970.04167,16386,11.3,0,0,0,0
673,1,debt_consolidation,0.1071,326.02,11.24177269,10.37,702,11280.0,26888,26.2,0,0,0,0
674,1,debt_consolidation,0.1292,336.56,10.52406404,6.74,672,2609.0,7067,65.8,0,0,0,0
675,1,credit_card,0.1166,396.63,11.73606902,12.94,682,3720.0,36467,62.9,0,0,0,0
676,1,debt_consolidation,0.1261,301.56,10.42228135,14.68,687,4650.041667,14371,60.9,0,1,0,1
677,1,debt_consolidation,0.1103,491.3,11.91582729,9.52,702,3780.041667,25870,56.1,0,1,0,1
678,1,debt_consolidation,0.1134,416.19,10.59663473,21.96,717,4291.041667,1727,8.9,1,0,0,0
679,1,credit_card,0.16399999999999998,636.39,11.91839057,24.03,672,4290.041667,28846,57.9,1,0,0,1
680,1,home_improvement,0.1229,406.91,10.55581274,9.31,687,5670.041667,2329,39.4,0,0,0,0
681,1,all_other,0.0737,62.1,10.46310334,0.86,797,11430.0,324,0.2,0,0,0,0
682,1,debt_consolidation,0.1261,201.04,10.81977828,3.89,667,5970.041667,20845,47.7,0,0,0,0
683,1,debt_consolidation,0.1103,491.3,11.11542853,15.5,707,2370.041667,12569,46.2,0,0,0,1
684,1,debt_consolidation,0.1103,327.53,10.75790288,13.48,702,3000.0,9697,58.0,0,0,0,0
685,1,all_other,0.1103,327.53,10.42228135,2.61,697,2370.041667,2952,30.1,2,0,0,0
686,1,debt_consolidation,0.1071,179.31,10.62132735,12.12,692,7140.041667,13427,82.9,0,0,0,0
687,1,all_other,0.1229,667.06,11.08214255,13.5,692,2370.041667,6045,34.9,1,0,1,1
688,1,debt_consolidation,0.1103,720.57,11.40756495,17.39,717,4470.0,18913,34.1,1,0,0,0
689,1,debt_consolidation,0.1324,405.72,10.87804719,17.82,667,7349.0,18593,35.0,0,5,1,0
690,1,all_other,0.08,313.37,10.858999,2.1,792,5219.0,0,0.0,1,0,0,0
691,1,credit_card,0.0945,409.73,11.08214255,8.86,742,5129.0,13207,77.7,0,0,0,0
692,1,all_other,0.1103,157.22,10.66886237,2.34,687,1950.0,3273,44.8,1,0,0,0
693,1,debt_consolidation,0.1229,633.71,11.56171563,10.01,687,5250.041667,19368,38.6,1,3,0,0
694,1,all_other,0.1071,782.44,11.15625052,0.57,727,5040.041667,782,3.0,1,0,0,1
695,1,educational,0.1103,589.56,10.66347529,6.15,707,2820.041667,6362,69.2,0,0,0,0
696,1,all_other,0.0976,353.71,11.33384664,5.88,717,4500.0,15342,50.0,0,1,0,0
697,1,debt_consolidation,0.1103,206.35,10.96819829,9.21,687,7049.0,871,8.1,0,0,0,0
698,1,credit_card,0.0832,251.88,11.82041016,8.63,752,6149.041667,13238,23.0,1,0,0,0
699,1,debt_consolidation,0.1261,301.56,10.81977828,7.15,667,2579.0,1918,56.4,0,0,0,0
700,1,credit_card,0.1039,464.05,10.30895266,21.28,752,2729.041667,5649,30.2,2,0,0,0
701,1,debt_consolidation,0.0945,230.47,10.71441777,0.8,717,2730.041667,3332,30.6,0,0,0,1
702,1,all_other,0.1734,895.56,11.47210347,18.8,662,11520.04167,14706,77.0,0,2,0,0
703,1,debt_consolidation,0.1261,670.13,11.33857208,14.51,692,1890.0,27129,39.0,2,0,0,0
704,1,debt_consolidation,0.1292,269.25,11.15625052,4.08,667,5820.0,1152,13.1,3,3,0,0
705,1,debt_consolidation,0.1292,377.79,10.35316092,23.31,712,3780.0,8837,52.6,1,0,0,1
706,1,all_other,0.0976,30.55,10.04324949,22.38,742,4470.0,2246,9.9,1,0,0,0
707,1,debt_consolidation,0.1039,389.41,10.30895266,0.0,712,4440.0,9258,71.2,1,0,0,0
708,1,debt_consolidation,0.1324,405.72,10.20359214,11.96,667,4890.041667,8671,61.5,0,0,0,0
709,1,debt_consolidation,0.1387,477.61,11.04292184,20.45,677,2675.0,20065,66.0,2,0,0,0
710,1,educational,0.1134,329.0,10.14124382,8.79,692,3839.041667,1573,39.3,0,0,0,1
711,1,debt_consolidation,0.0832,377.82,11.40756495,1.63,792,5729.041667,4359,15.3,0,0,0,0
712,1,all_other,0.1324,338.1,10.96819829,10.9,662,2009.0416670000002,10055,54.9,3,0,1,0
713,1,major_purchase,0.1355,407.52,11.15625052,17.07,667,7565.041667,2549,57.9,0,0,0,0
714,1,debt_consolidation,0.1071,273.86,10.83958091,16.47,702,4530.041667,16021,66.8,1,0,0,0
715,1,all_other,0.1008,807.62,10.89635036,0.0,762,6420.041667,0,0.0,1,0,0,0
716,1,debt_consolidation,0.1197,398.4,11.35040654,14.08,682,7230.041667,22205,88.8,2,0,1,0
717,1,debt_consolidation,0.0945,320.1,11.73606902,5.28,727,9120.0,9438,33.5,3,0,0,0
718,1,debt_consolidation,0.0863,316.28,11.40756495,5.91,732,5760.041667,18343,26.2,0,1,0,0
719,1,all_other,0.1008,387.66,11.77528973,21.2,772,6750.041667,74885,0.0,0,0,0,0
720,1,all_other,0.1039,162.26,9.903487553,14.82,702,2851.041667,4873,26.9,1,0,0,0
721,1,credit_card,0.1134,493.5,11.33857208,10.49,697,3089.041667,11332,39.7,0,0,0,0
722,1,debt_consolidation,0.1229,640.38,10.87804719,18.93,702,3689.0,20033,82.8,1,0,0,1
723,1,debt_consolidation,0.1261,180.94,10.60905725,12.12,667,2729.041667,4565,68.1,0,1,0,0
724,1,major_purchase,0.1134,296.1,11.51292546,1.2,682,5130.0,4000,80.0,3,0,0,0
725,1,all_other,0.1166,115.69,10.90159787,12.38,672,7530.041667,0,0.0,0,2,0,0
726,1,all_other,0.1134,230.3,10.71441777,9.92,687,2520.041667,1767,34.6,1,0,1,0
727,1,all_other,0.1324,405.72,10.69557468,14.4,672,3720.0,768,64.0,2,0,0,0
728,1,credit_card,0.0976,305.47,11.06763786,4.8,717,5070.041667,12226,45.6,0,1,1,0
729,1,all_other,0.0737,93.14,10.58415721,1.55,802,3660.0,2724,7.9,0,0,0,0
730,1,all_other,0.08,109.68,10.79059661,0.62,742,7170.041667,308,17.1,4,0,0,0
731,1,debt_consolidation,0.08,37.61,9.60238246,2.43,747,2250.0,1946,6.5,3,0,0,0
732,1,all_other,0.1008,129.22,10.91871823,19.43,717,4770.0,4446,61.7,3,0,0,0
733,1,debt_consolidation,0.1008,290.75,10.57131693,5.17,707,2190.0,8486,66.8,1,0,0,0
734,1,all_other,0.1355,203.76,11.184421400000002,23.37,682,6599.0,19826,39.0,2,0,0,0
735,1,credit_card,0.0945,160.05,10.59663473,5.97,722,2819.041667,3212,35.7,1,1,0,0
736,1,credit_card,0.1355,407.52,10.91508846,14.99,667,4499.0,10918,59.0,2,0,0,0
737,1,educational,0.0945,320.1,11.15625052,9.38,722,1859.0,8850,32.3,0,0,0,0
738,1,all_other,0.1039,129.81,10.30895266,6.04,697,6330.0,10366,64.4,0,0,1,0
739,1,debt_consolidation,0.1229,366.89,10.50232405,11.6,677,1500.0,10765,60.5,2,0,0,0
740,1,all_other,0.1134,658.0,10.91508846,5.19,712,8400.0,5482,17.4,0,2,0,1
741,1,debt_consolidation,0.0945,480.15,11.04132055,6.46,752,4500.0,5196,34.6,2,0,0,0
742,1,all_other,0.0976,803.87,11.15625052,4.92,792,4140.0,3114,11.3,0,0,0,0
743,1,all_other,0.1039,272.59,10.46321762,19.61,717,4439.958333,213,7.1,1,0,1,0
744,1,debt_consolidation,0.1197,249.0,9.862665558,10.94,677,1920.0,6450,70.9,3,0,0,0
745,1,credit_card,0.1229,400.24,11.40756495,8.81,677,2340.041667,15486,33.1,1,0,0,0
746,1,all_other,0.0863,253.03,10.89821971,10.78,732,3390.0,5623,67.7,1,0,0,0
747,1,credit_card,0.1039,129.81,10.87804719,13.09,702,4441.0,1308,6.9,1,0,0,0
748,1,debt_consolidation,0.0945,448.14,10.645424900000002,5.31,737,3030.0,11556,24.3,0,0,0,0
749,1,major_purchase,0.1134,118.44,10.91508846,13.51,682,3510.0,623,31.1,0,0,0,0
750,1,all_other,0.1039,811.27,11.51292546,7.25,737,3780.0,0,0.0,2,1,0,0
751,1,all_other,0.1355,407.52,11.77528973,8.32,662,3060.041667,22044,81.6,0,0,0,0
752,1,credit_card,0.08,250.7,10.38183131,8.55,782,5550.0,8793,18.8,0,0,0,0
753,1,debt_consolidation,0.1324,444.6,10.53720315,20.66,677,4620.041667,2796,38.8,2,0,0,0
754,1,all_other,0.1071,489.03,11.28978191,6.9,707,7410.0,8298,38.6,3,0,1,0
755,1,debt_consolidation,0.1355,373.56,10.77895629,22.75,677,2730.041667,10211,96.3,0,0,0,0
756,1,credit_card,0.1071,195.61,10.81977828,9.22,687,2790.0,22188,70.0,0,0,0,0
757,1,debt_consolidation,0.1166,314.0,10.59663473,18.78,697,2309.958333,21160,78.7,0,0,0,1
758,1,credit_card,0.0768,109.17,10.30895266,2.52,762,3840.0,2096,46.6,0,0,0,0
759,1,debt_consolidation,0.145,516.32,11.22235924,24.61,682,2430.0,55632,80.7,3,0,0,0
760,1,educational,0.0976,241.16,9.903487553,10.56,717,4121.958333,3415,14.3,0,0,0,0
761,1,all_other,0.0863,221.4,10.75363848,12.23,727,2940.958333,1287,7.8,0,0,0,0
762,1,credit_card,0.1103,294.78,11.12726298,12.72,687,9119.958333,36164,39.4,1,0,0,1
763,1,debt_consolidation,0.1513,680.69,11.22524339,19.36,662,2669.958333,20658,55.4,0,0,0,0
764,1,credit_card,0.1071,228.22,10.30895266,21.48,722,10110.0,24397,53.4,1,0,0,0
765,1,debt_consolidation,0.08,87.75,9.60238246,5.48,747,2249.958333,1946,6.5,3,0,0,0
766,1,all_other,0.1039,324.51,11.08795638,14.82,767,6420.0,0,0.0,1,0,0,0
767,1,debt_consolidation,0.1051,97.53,10.59663473,16.08,727,3464.041667,14582,26.7,2,0,0,1
768,1,debt_consolidation,0.1071,208.65,10.91508846,6.11,697,3689.958333,14971,46.8,0,0,0,0
769,1,debt_consolidation,0.1482,691.55,11.40756495,23.45,692,3870.0,43868,47.8,1,0,1,0
770,1,debt_consolidation,0.1008,323.05,10.77895629,2.65,742,4260.0,6512,16.4,0,0,0,0
771,1,credit_card,0.0832,236.14,11.15625052,2.81,757,4199.958333,7905,30.2,0,0,0,0
772,1,credit_card,0.0976,213.83,11.18886982,15.63,717,4379.958333,6161,26.6,0,0,0,0
773,1,debt_consolidation,0.1103,537.15,10.818177,4.42,712,1859.9583329999998,3964,24.0,0,0,0,1
774,1,home_improvement,0.1039,194.71,10.20359214,21.78,737,4989.0,1815,60.5,3,0,0,0
775,1,all_other,0.08,235.03,10.59663473,5.22,772,5280.0,0,0.0,3,0,0,0
776,1,debt_consolidation,0.0976,707.41,11.28978191,9.81,757,5549.958333,1998,22.4,1,0,0,0
777,1,home_improvement,0.0945,128.04,11.48452599,13.16,732,2500.0,41248,5.3,3,0,0,0
778,1,debt_consolidation,0.1261,670.13,11.09741002,13.4,687,3419.958333,24008,77.9,0,0,0,0
779,1,credit_card,0.1197,697.2,11.92503512,7.99,697,8101.958333,17788,52.7,3,0,0,0
780,1,all_other,0.0945,480.15,11.91839057,6.47,757,3990.0,4232,8.9,2,0,0,0
781,1,all_other,0.1134,98.7,10.53049493,7.72,677,1680.0,0,53.0,1,0,0,1
782,1,debt_consolidation,0.157,525.17,11.35035948,20.44,672,5490.0,28511,56.7,1,0,0,0
783,1,all_other,0.0768,187.14,10.67359577,0.83,792,4139.958333,138,0.2,0,0,0,0
784,1,credit_card,0.1166,314.0,11.69524702,18.23,697,4950.0,114629,64.5,2,0,0,0
785,1,debt_consolidation,0.1039,324.51,11.23261615,12.88,707,2939.958333,10689,18.4,3,0,0,0
786,1,debt_consolidation,0.0976,257.24,10.08580911,17.0,732,3779.958333,6188,53.8,0,0,0,0
787,1,debt_consolidation,0.0832,314.85,10.59533389,14.54,772,5790.0,4743,28.1,0,0,0,1
788,1,debt_consolidation,0.1103,235.83,11.04917425,21.83,717,5219.958333,12025,37.2,2,0,0,0
789,1,home_improvement,0.0976,803.87,11.69524702,8.91,792,8129.958333,3706,12.8,1,0,0,0
790,1,debt_consolidation,0.1134,526.4,11.35040654,9.37,702,4590.0,8833,44.8,1,0,1,0
791,1,debt_consolidation,0.1039,292.06,10.71441777,14.64,712,4439.958333,6239,63.0,3,0,0,0
792,1,debt_consolidation,0.1324,540.96,10.59663473,11.73,672,3210.0,5671,55.1,0,0,0,0
793,1,credit_card,0.1229,100.06,10.37349118,13.28,672,4320.0,2940,27.7,1,2,0,0
794,1,debt_consolidation,0.1355,848.99,11.03488966,14.26,697,2730.0,7019,13.4,2,0,0,1
795,1,debt_consolidation,0.1197,298.8,10.95954023,18.76,682,4350.0,9883,66.7,1,1,1,0
796,1,debt_consolidation,0.0976,482.32,12.07254125,3.17,742,2820.0,1436,3.1,0,0,0,0
797,1,debt_consolidation,0.1292,168.28,10.64780302,21.04,677,2910.958333,13073,55.9,3,0,0,1
798,1,all_other,0.1008,807.62,11.88448902,1.73,762,7769.958333,5681,14.1,1,0,0,0
799,1,debt_consolidation,0.1039,811.27,11.40756495,13.28,747,3359.958333,48556,10.9,0,0,0,0
800,1,debt_consolidation,0.1324,253.58,10.81961827,24.89,712,2418.0,19418,83.7,3,1,0,0
801,1,debt_consolidation,0.1324,118.34,10.95080655,23.05,687,2730.0,45988,88.4,0,0,0,0
802,1,credit_card,0.1039,584.12,12.23076526,12.27,712,5549.958333,77034,32.3,2,0,0,0
803,1,educational,0.1103,52.41,10.53209621,15.84,682,1829.9583329999998,0,49.4,0,0,0,0
804,1,debt_consolidation,0.1008,151.03,10.46310334,18.72,722,3900.0,9910,99.1,2,0,0,1
805,1,educational,0.0832,188.91,11.5228758,11.75,737,6870.0,1532,4.7,0,0,0,0
806,1,all_other,0.0976,167.21,10.4341158,1.52,707,2579.958333,4699,28.8,1,1,0,0
807,1,educational,0.0832,251.88,10.62254611,17.6,797,6989.958333,7017,8.4,0,0,0,1
808,1,major_purchase,0.1008,161.53,10.645424900000002,21.77,762,4470.958333,13,1.9,1,0,0,0
809,1,all_other,0.1292,807.74,11.46163217,7.06,687,6360.0,9201,49.7,2,1,1,0
810,1,credit_card,0.1261,837.67,11.60739893,24.04,757,7260.0,8220,63.2,0,0,0,1
811,1,all_other,0.1292,269.25,10.81977828,1.39,662,4446.958333,2692,49.9,3,0,0,0
812,1,all_other,0.0976,578.79,11.50287513,8.86,742,4530.0,2448,61.2,3,0,0,0
813,1,all_other,0.0768,93.57,10.81977828,0.79,757,3180.0,3894,10.5,0,0,0,0
814,1,all_other,0.1197,166.0,10.77895629,20.68,692,9330.0,13734,28.4,0,0,0,0
815,1,all_other,0.1134,329.0,10.81977828,12.05,692,1620.0,13744,62.2,0,0,0,0
816,1,credit_card,0.1103,201.44,10.48328685,17.1,687,1260.0,6111,64.3,0,0,0,0
817,1,credit_card,0.1008,646.1,11.91839057,6.86,742,3180.0,84,0.2,2,0,0,0
818,1,all_other,0.0976,385.86,11.45952469,8.65,727,4650.0,19073,28.6,3,1,0,1
819,1,debt_consolidation,0.1229,232.64,10.23995979,12.81,667,6283.958333,13817,38.4,0,1,0,0
820,1,credit_card,0.1166,330.53,11.69524702,8.13,682,3060.0,59145,81.1,0,0,0,0
821,1,debt_consolidation,0.1292,201.94,10.61643736,15.32,667,2700.0,7091,47.3,2,2,0,0
822,1,debt_consolidation,0.1071,603.13,10.44290063,13.33,717,4560.0,18179,34.4,0,0,0,0
823,1,debt_consolidation,0.1039,389.41,10.43816641,15.99,712,4590.0,6151,52.7,1,0,0,0
824,1,major_purchase,0.08,250.7,10.80454281,2.24,777,3780.958333,2056,7.3,1,0,0,0
825,1,debt_consolidation,0.1482,691.55,11.22524339,14.69,672,4439.958333,29292,60.4,1,0,0,0
826,1,all_other,0.0832,37.79,10.40426284,3.42,722,2160.0,6685,19.2,1,0,0,0
827,1,credit_card,0.1039,194.71,10.58870336,13.88,702,2730.0,7198,65.4,1,0,0,0
828,1,debt_consolidation,0.0976,321.55,10.49824983,8.11,717,4139.958333,6179,11.2,2,0,0,1
829,1,all_other,0.0945,640.2,11.44563115,3.98,777,3029.958333,32,0.3,0,0,0,0
830,1,major_purchase,0.0768,187.14,10.5865844,9.52,817,6629.958333,922,3.8,0,0,0,0
831,1,home_improvement,0.1324,202.86,10.55581274,23.09,687,5010.0,9912,65.6,1,0,0,0
832,1,credit_card,0.0863,142.33,9.047821442,4.24,732,2100.0,6699,7.2,0,1,0,0
833,1,educational,0.1324,338.1,11.53272809,7.31,667,3823.0,27452,96.3,2,0,0,1
834,1,debt_consolidation,0.1166,528.84,11.28978191,13.47,702,2400.0,14958,46.7,3,0,0,0
835,1,credit_card,0.1229,266.83,11.47210347,5.36,687,4062.958333,45251,66.7,3,1,0,1
836,1,all_other,0.0768,155.95,12.128111099999998,11.97,777,5526.958333,9253,33.3,0,0,0,0
837,1,credit_card,0.1324,845.25,11.91839057,7.84,697,5189.958333,31405,95.7,0,0,0,0
838,1,debt_consolidation,0.1134,230.3,10.59663473,9.81,682,3030.958333,6475,96.6,0,0,0,0
839,1,debt_consolidation,0.1134,263.2,10.71441777,8.75,682,2490.0,0,66.7,1,1,0,1
840,1,debt_consolidation,0.1071,391.22,11.30458678,18.59,717,2639.958333,34566,69.0,1,0,0,0
841,1,all_other,0.0832,314.85,11.28978191,6.25,752,3150.0,3248,16.7,0,0,0,0
842,1,debt_consolidation,0.1166,462.74,10.91508846,8.42,687,3749.958333,17623,83.1,0,1,0,0
843,1,all_other,0.1292,100.97,10.5454467,20.84,672,9119.958333,9642,64.3,0,2,0,0
844,1,debt_consolidation,0.145,550.74,11.47029976,22.27,672,5159.958333,16930,70.8,0,0,0,0
845,1,credit_card,0.1324,446.29,11.22524339,21.06,682,5159.958333,13438,71.9,1,0,1,1
846,1,debt_consolidation,0.1229,500.3,11.251560699999999,19.39,692,3450.0,18198,44.3,2,1,0,0
847,1,debt_consolidation,0.1229,50.03,10.27505111,4.18,662,2850.0,0,0.0,3,0,0,0
848,1,debt_consolidation,0.0976,176.86,10.26813067,21.92,762,3120.0,1763,26.3,0,0,0,0
849,1,credit_card,0.0976,96.47,11.51292546,2.1,702,1770.0,8439,22.0,0,0,0,0
850,1,debt_consolidation,0.1166,370.19,11.28978191,17.78,692,1980.0,24259,56.5,0,0,0,1
851,1,all_other,0.08,206.83,10.82177629,12.86,762,12330.0,3339,16.9,1,0,0,0
852,1,credit_card,0.1134,296.1,9.825526011000001,11.68,682,4230.0,9237,64.6,1,0,1,1
853,1,debt_consolidation,0.1103,818.83,11.99535161,9.38,722,3719.958333,7746,26.0,0,2,0,0
854,1,credit_card,0.0976,318.34,11.00209984,1.8,717,3820.0,4506,18.7,2,0,1,0
855,1,home_improvement,0.0832,125.94,11.10465643,0.0,767,4740.0,1401,1.9,1,0,0,0
856,1,credit_card,0.0976,450.17,10.71441777,11.31,727,2730.0,14571,59.5,0,0,0,0
857,1,debt_consolidation,0.1229,23.35,9.852194257999999,12.38,662,1199.958333,0,53.2,1,0,0,0
858,1,debt_consolidation,0.1166,178.49,10.9560559,15.92,687,4505.958333,3037,76.8,0,1,0,0
859,1,debt_consolidation,0.1197,116.2,10.61643736,21.97,687,3749.958333,17394,93.5,1,0,0,0
860,1,debt_consolidation,0.1166,247.9,11.00209984,19.22,687,4530.0,17745,92.4,1,0,0,0
861,1,debt_consolidation,0.1292,269.25,10.71441777,19.89,692,5249.958333,4755,89.7,1,0,0,0
862,1,credit_card,0.1103,262.03,10.57131693,14.8,697,1589.958333,8158,57.0,0,0,0,0
863,1,all_other,0.1103,141.66,11.69524702,15.07,722,5219.958333,70685,88.7,1,0,0,0
864,1,debt_consolidation,0.1418,568.81,11.08460106,14.62,667,3719.958333,11294,61.4,1,1,0,0
865,1,debt_consolidation,0.1324,223.15,10.385913699999998,22.0,672,2279.958333,6521,67.7,3,0,0,0
866,1,debt_consolidation,0.1039,243.38,11.01862914,14.85,727,2490.0,4322,44.1,2,0,0,0
867,1,credit_card,0.1071,224.14,10.57131693,9.66,717,4739.958333,19383,90.2,1,0,0,0
868,1,all_other,0.1103,235.83,10.34174248,14.4,692,3930.0,19076,66.6,0,0,0,1
869,1,credit_card,0.1418,428.32,10.95080655,24.55,692,2700.0,34181,59.5,0,0,0,0
870,1,debt_consolidation,0.1576,659.61,11.69524702,14.23,677,5070.0,27550,94.6,2,1,1,0
871,1,debt_consolidation,0.1229,192.62,11.48452599,19.7,707,4530.0,13685,46.7,1,0,0,0
872,1,home_improvement,0.0768,155.95,10.59663473,11.49,797,6959.958333,257,1.4,0,0,0,0
873,1,debt_consolidation,0.1134,213.85,10.83958091,20.82,722,8700.0,23119,50.6,3,0,1,0
874,1,credit_card,0.0976,482.32,11.64395373,14.33,762,6120.0,26402,87.3,0,0,0,0
875,1,major_purchase,0.1008,587.14,12.32385568,4.51,757,5460.0,2527,39.5,0,0,0,0
876,1,all_other,0.0863,202.42,10.98359637,10.55,727,3344.958333,1686,52.7,0,0,0,0
877,1,credit_card,0.0976,160.78,10.54534144,4.45,712,3419.958333,9877,60.6,2,0,0,0
878,1,all_other,0.1324,265.41,12.20607265,15.62,707,4680.0,36293,62.3,3,0,0,1
879,1,debt_consolidation,0.1071,339.06,10.87066149,15.6,717,3749.958333,19859,63.4,0,0,0,1
880,1,credit_card,0.1134,274.72,11.00209984,14.56,687,3419.958333,15629,66.2,0,0,1,0
881,1,debt_consolidation,0.1166,198.32,10.20359214,18.53,682,1529.958333,5901,47.2,0,0,0,0
882,1,major_purchase,0.1103,183.42,10.81977828,0.6,682,1303.0,424,8.0,2,1,0,0
883,1,credit_card,0.145,640.24,11.22524339,22.74,682,5969.958333,32682,96.1,0,0,0,0
884,1,debt_consolidation,0.0863,132.84,11.6421978,2.09,737,6390.0,11730,47.5,0,0,0,0
885,1,debt_consolidation,0.1197,260.62,12.10071213,6.65,682,3900.0,20237,24.4,3,0,0,0
886,1,credit_card,0.1197,109.56,9.798127037,17.4,672,1169.958333,8562,32.9,3,0,0,1
887,1,credit_card,0.1166,240.46,10.91348718,16.91,712,4859.958333,17581,98.2,0,0,0,1
888,1,debt_consolidation,0.1355,339.6,11.90496755,10.14,662,4620.0,3608,37.6,1,1,0,0
889,1,all_other,0.1008,306.9,11.46163217,3.36,757,4170.0,16098,22.8,0,0,0,0
890,1,debt_consolidation,0.1387,388.91,11.00209984,24.48,712,10110.0,44293,73.6,0,0,0,0
891,1,debt_consolidation,0.1418,513.98,11.09741002,21.49,702,5400.0,24992,77.1,0,0,0,0
892,1,credit_card,0.1039,389.41,10.7342204,18.75,732,2370.0,14499,23.9,0,0,0,0
893,1,credit_card,0.0737,22.51,9.392661928999999,3.6,792,2609.958333,1814,7.0,0,0,0,0
894,1,credit_card,0.1008,315.78,11.849397699999999,2.74,752,5879.958333,28332,51.0,0,0,0,0
895,1,debt_consolidation,0.145,430.27,11.00209984,21.72,697,8489.958333,24325,83.2,0,0,1,0
896,1,all_other,0.0976,16.08,10.98529272,22.17,742,4590.0,65414,47.8,0,0,0,0
897,1,debt_consolidation,0.1292,175.01,11.32659589,14.24,707,8670.0,56002,73.8,0,0,0,0
898,1,debt_consolidation,0.1229,268.5,11.6307085,3.07,687,4710.0,18673,66.7,0,2,0,0
899,1,major_purchase,0.08,188.02,11.98292909,0.13,767,4560.0,3713,22.8,1,0,0,0
900,1,home_improvement,0.0976,204.19,11.08214255,13.79,747,8039.958333,14102,35.4,4,0,0,0
901,1,debt_consolidation,0.1039,324.51,11.03811028,10.59,707,1469.958333,7618,47.2,2,0,0,0
902,1,debt_consolidation,0.0976,287.79,10.71441777,7.6,727,6750.0,0,0.0,1,1,0,0
903,1,major_purchase,0.1355,155.37,11.06663836,13.5,697,7582.0,8399,41.0,2,0,0,1
904,1,debt_consolidation,0.0976,144.7,10.90227951,4.24,707,1499.958333,3818,61.6,0,0,0,1
905,1,debt_consolidation,0.1261,402.08,10.82512397,10.12,672,8864.958333,16083,70.2,0,0,1,0
906,1,debt_consolidation,0.1039,324.51,10.55581274,7.12,712,2010.0,13845,28.9,0,0,0,0
907,1,credit_card,0.1071,234.74,10.59663473,18.75,712,4560.0,12938,49.0,0,0,1,0
908,1,debt_consolidation,0.1197,292.16,10.81977828,8.14,697,6840.0,8243,37.0,2,0,1,0
909,1,debt_consolidation,0.1197,166.0,10.77895629,13.03,677,3510.0,14859,81.2,3,1,0,0
910,1,educational,0.1608,492.76,11.57025053,20.39,677,6269.958333,33627,74.7,1,0,0,1
911,1,all_other,0.0768,31.19,10.49127422,1.8,747,2520.0,4782,16.7,0,0,0,0
912,1,educational,0.1071,117.37,11.60823564,15.01,697,3059.958333,71928,87.9,1,0,0,0
913,1,debt_consolidation,0.1197,166.0,10.84583582,22.73,692,3719.958333,12235,70.3,0,0,0,0
914,1,all_other,0.1197,318.72,11.26446411,13.0,682,2999.958333,36920,88.6,0,0,0,0
915,1,debt_consolidation,0.0976,151.13,10.69194491,18.38,722,4393.958333,8504,25.0,1,0,0,0
916,1,all_other,0.1166,198.32,11.112447900000001,7.07,677,6060.0,8224,52.1,0,0,0,0
917,1,debt_consolidation,0.1197,239.04,11.06663836,22.28,697,5579.958333,30970,71.0,1,0,0,1
918,1,debt_consolidation,0.1166,170.22,10.47107151,17.69,702,3930.0,12110,30.2,2,1,0,1
919,1,all_other,0.08,313.37,10.27467173,2.24,792,14100.0,2751,16.7,0,0,0,0
920,1,debt_consolidation,0.1324,83.68,10.81977828,17.77,677,4859.958333,17807,81.3,3,0,1,1
921,1,credit_card,0.0976,96.47,10.77895629,17.65,712,3029.958333,6981,42.8,0,0,0,0
922,1,home_improvement,0.1197,149.4,11.65442503,15.49,672,5159.958333,22625,86.4,1,1,0,0
923,1,home_improvement,0.1166,165.27,11.15051985,3.53,677,3120.0,669,15.6,0,0,0,0
924,1,credit_card,0.1197,135.29,11.39659388,14.59,677,5549.958333,5529,82.5,2,0,1,0
925,1,all_other,0.1703,249.68,11.48246626,16.53,662,5189.958333,1349,8.3,3,3,0,0
926,1,credit_card,0.1355,203.76,11.31447453,18.74,672,5820.0,16888,51.8,1,1,0,0
927,1,credit_card,0.1103,108.09,11.15625052,1.37,677,2339.958333,670,60.9,0,3,0,0
928,1,credit_card,0.1008,129.22,9.61580548,8.08,707,1290.0,3946,35.9,0,0,0,1
929,1,all_other,0.1071,163.01,10.81977828,9.58,702,5129.958333,854,71.2,1,0,0,1
930,1,debt_consolidation,0.0832,128.3,9.862665558,1.25,742,1981.0,296,2.0,0,0,0,0
931,1,debt_consolidation,0.1039,184.97,10.49127422,9.57,697,2430.0,6342,74.4,0,0,0,0
932,1,debt_consolidation,0.1008,323.05,10.48192509,21.57,747,4889.958333,16973,26.4,0,0,0,0
933,1,debt_consolidation,0.1261,134.03,10.33851146,22.83,677,2432.0,2876,61.2,2,0,1,0
934,1,all_other,0.1229,93.39,10.18490001,25.43,737,1380.0,1705,6.4,0,0,0,0
935,1,debt_consolidation,0.1008,161.53,10.20359214,12.71,732,3150.0,11837,20.6,0,0,0,0
936,1,debt_consolidation,0.0832,220.39,10.91501573,9.58,782,4439.958333,9304,24.7,1,0,0,0
937,1,all_other,0.1008,161.53,10.70324447,11.73,742,4499.958333,5171,44.2,1,0,0,0
938,1,all_other,0.1103,229.28,10.37349118,0.38,702,9929.958333,10,0.4,0,3,0,0
939,1,credit_card,0.0976,199.36,10.49127422,16.8,732,10199.95833,16101,75.6,0,0,0,0
940,1,debt_consolidation,0.1103,78.61,10.81977828,13.82,682,3990.0,5106,60.8,0,0,0,0
941,1,major_purchase,0.1134,220.43,10.23995979,23.14,752,2400.0,95,0.8,1,0,0,1
942,1,home_improvement,0.1576,350.39,10.66061161,13.56,662,3450.0,2076,23.1,2,0,0,0
943,1,credit_card,0.1103,147.39,10.52788737,24.97,757,6780.0,22403,32.0,0,0,0,0
944,1,debt_consolidation,0.1608,387.17,11.31447453,19.96,662,6599.958333,19608,31.1,1,0,0,1
945,1,debt_consolidation,0.1071,286.9,11.08980542,13.08,702,4379.958333,35098,51.5,2,0,0,0
946,1,credit_card,0.1039,243.38,11.41861479,10.64,707,3331.0,11336,31.9,2,1,0,0
947,1,debt_consolidation,0.08,219.36,10.46310334,15.81,797,4740.0,644,2.7,0,0,0,0
948,1,debt_consolidation,0.1039,259.61,10.95080655,14.42,732,2579.958333,15444,47.8,0,0,0,0
949,1,all_other,0.0863,506.05,10.40426284,1.16,812,7409.958333,2248,3.1,0,0,0,0
950,1,debt_consolidation,0.1071,97.81,10.65169094,16.83,687,2370.0,8911,53.4,2,1,0,0
951,1,debt_consolidation,0.1197,307.93,11.32659589,7.46,687,6900.0,17430,92.2,0,0,1,0
952,1,debt_consolidation,0.1387,170.58,10.70324447,29.15,752,4529.958333,5171,44.2,1,0,0,0
953,1,home_improvement,0.1039,178.48,10.4341158,18.46,717,5670.0,175,1.0,0,0,0,1
954,1,home_improvement,0.0945,272.09,10.81977828,3.12,762,2579.958333,1133,18.0,1,0,0,0
955,1,major_purchase,0.0768,99.81,11.0303147,12.29,762,10709.95833,7232,3.6,2,0,0,0
956,1,debt_consolidation,0.1292,252.42,10.98529272,18.81,672,3889.0,12195,58.9,3,0,1,1
957,1,debt_consolidation,0.1292,168.28,9.825093485,9.41,662,11039.95833,4652,89.5,1,1,0,0
958,1,credit_card,0.1134,296.1,11.790557199999999,5.44,682,4889.958333,25120,85.4,1,0,1,0
959,1,debt_consolidation,0.1008,206.76,11.03488966,8.11,712,5549.958333,5815,49.3,2,0,1,0
960,1,debt_consolidation,0.1008,310.13,11.00209984,19.72,732,5070.0,19500,30.9,0,0,0,0
961,1,debt_consolidation,0.1008,128.42,10.49664864,21.78,762,6719.958333,12879,19.5,1,0,0,0
962,1,credit_card,0.1103,147.39,11.28978191,11.03,697,10649.95833,43712,82.5,0,0,0,1
963,1,debt_consolidation,0.1387,327.5,11.60823564,18.62,662,6299.958333,68030,82.7,3,0,0,0
964,1,all_other,0.1134,131.6,11.56171563,11.04,677,1650.0,1527,50.9,2,0,1,0
965,1,debt_consolidation,0.145,289.14,10.81977828,20.59,662,1680.0,19056,69.0,0,0,0,0
966,1,debt_consolidation,0.1229,213.46,10.46310334,20.78,687,4620.0,9408,64.0,1,0,0,0
967,1,credit_card,0.1166,185.1,11.00209984,21.52,707,4529.958333,39010,34.2,1,0,0,0
968,1,debt_consolidation,0.1103,245.65,11.56171563,11.14,692,7054.958333,30449,61.3,2,0,0,0
969,1,all_other,0.0976,160.78,10.75790288,13.53,717,8429.958333,5000,23.1,1,0,0,0
970,1,all_other,0.08,188.02,10.20359214,5.38,752,4350.0,5959,70.9,0,0,0,0
971,1,all_other,0.1071,163.01,12.20607265,12.48,702,7319.958333,53087,69.9,1,0,0,1
972,1,credit_card,0.1134,118.44,10.46310334,14.47,687,2339.958333,7722,48.9,0,0,0,0
973,1,credit_card,0.1387,118.55,10.66881585,24.51,687,4109.958333,21043,81.6,3,0,0,1
974,1,all_other,0.1103,98.26,10.30895266,14.56,682,5189.958333,8572,84.0,1,0,1,0
975,1,debt_consolidation,0.1039,207.69,11.3736634,14.79,712,5430.0,21532,66.9,2,0,0,0
976,1,debt_consolidation,0.0945,128.04,10.27505111,17.63,722,4320.0,3717,15.1,0,0,1,0
977,1,all_other,0.0737,62.1,11.49272276,0.0,782,6450.0,5235,5.1,0,0,0,0
978,1,debt_consolidation,0.1292,154.82,10.4341158,20.33,672,1770.0,20853,43.4,2,0,0,0
979,1,credit_card,0.1166,122.3,11.0090258,19.58,697,5519.958333,15948,88.8,0,0,1,1
980,1,credit_card,0.1418,342.66,11.40756495,20.77,672,2626.958333,59106,62.3,0,0,0,0
981,1,debt_consolidation,0.1134,210.56,10.858999,16.98,692,1469.958333,2898,41.4,0,0,0,0
982,1,major_purchase,0.0863,237.21,11.28978191,14.6,762,3370.958333,1127,3.8,1,0,0,0
983,1,debt_consolidation,0.1197,136.95,11.15625052,6.6,677,2400.0,16952,40.4,2,0,0,1
984,1,all_other,0.1008,177.68,11.88448902,5.53,707,5611.958333,26681,41.4,2,0,0,0
985,1,credit_card,0.1166,101.64,11.51292546,20.53,702,7079.958333,91557,87.8,0,0,0,1
986,1,debt_consolidation,0.0863,189.77,11.51292546,4.55,727,6480.0,3828,12.0,0,1,0,0
987,1,debt_consolidation,0.08,219.36,10.69194491,16.04,777,3389.958333,752,1.9,1,0,0,0
988,1,home_improvement,0.08,156.69,10.59663473,5.7,762,9599.958333,7755,10.8,3,0,0,0
989,1,all_other,0.08,175.49,10.69194491,0.95,797,6636.958333,2051,0.7,5,0,0,0
990,1,all_other,0.1071,293.42,10.57131693,11.69,697,1680.0,8858,52.4,2,0,0,0
991,1,all_other,0.1008,138.92,10.858999,5.33,707,10739.95833,4972,61.4,0,0,0,0
992,1,debt_consolidation,0.1197,70.55,11.08214255,14.95,682,3120.0,45028,95.2,1,0,0,0
993,1,all_other,0.08,70.51,11.08214255,12.55,802,6299.958333,116416,1.4,0,0,0,1
994,1,debt_consolidation,0.1197,76.36,11.00209984,24.94,732,6359.958333,21765,49.4,0,0,0,0
995,1,all_other,0.0832,134.6,10.49127422,1.77,757,4019.958333,6837,17.5,3,0,0,0
996,1,credit_card,0.1071,163.01,10.30895266,20.28,717,3150.0,6024,45.3,0,0,0,0
997,1,all_other,0.0737,31.05,10.59663473,12.9,777,10259.95833,4055,46.6,0,0,0,0
998,1,debt_consolidation,0.1008,171.22,11.30220443,14.79,712,6900.0,66235,97.4,0,0,0,1
999,1,credit_card,0.1134,180.95,11.48246626,17.15,687,5189.958333,29243,96.2,1,0,1,0
