Tojan,Virus ,Backdoor ,Worm 
60281d0a5891a6e5102cbde0fea0b20f,64d15027a172ca2dfbd4057c44ae8615,a11e71cc8cf90ab7b5b31fc7cbf4c619,d392ac090591df46727a9fa8b8988e14
d9abaa24d63788ee7b3bfece630ca452,4fa26d84d8bbcb38537fefc1100cc28f,fec1ca19c3762df43b6c3084d05cc591,c9cb8479ede835942b36eb4df49207bb
bea8977502efd36441e9e004f6b3e720,2562a401c7502fabc9f0cb05c98af5c5,69ca370e29f51faa437f1cf657115517,1a2e10c555f6340259727100e5addd2c
57157cc6d0e21f2be2cf93caaac5f5c8,ffda0fe069a1cee6fdc0ff87c401d93d,7f8ed44b771e7ba6716f5dd44ea7161e,a7f8130bad3e97ea3758b269b26c48c4
2dec428d9a1fc1a2eda1a0e533f6f61f,a6f193dd1ef265c5b23e55511bf18f9d,e55d4e0d5273d2b31651b1c47ae80ce6,fa67d179d5cea659d47150147ec83385
bed23c1fcc8dded179dcc37adc9189ec,d6b7d71de1a5b2d6dca6625056b76488,4b22e1f25a014c8ba6dbd8d2af49bd0c,63c2f395f290e50584749e6efb027f08
7dcbdc8d77d3b9e4d158b3f8c8bfe64c,4d75a42874d8cf088b0ebd9b4dd535e6,c41d7cee202de667c9c51f7ce15cc6c0,601273f6326ca465e74ebf76baffd1af
75dc8e0c88947cab8a13ef809ad3fbbb,1e3094501f90f4b5d95f334965c5ad9d,49a3d8f6fc474b8c03b0b99d245fb8f7,b654924491d39d02a096c2f45738b67e
f6c6abb4df14a7408978295d5f327252,1251c509f9434b4a1e25eca7e28b39dc,77547736b83a98eb8f9a8e827517c092,c09262499b9b7046128d4e2060271e96
03499d532764fcbfe7a242397bc9aa5d,633868c5adc5ec520e55b92bcff4be17,e48e512dea926cae6d27de7bba61ba91,e3b859abeca3400589fc8605fd06e7e2
d038f0347eed0f58cf681d7ca4e55652,aaf804d5e477f2673a751b834b052109,14a532b8b064105d9ef4daced9b490d6,d45f904bccc604034a5279f3170a05e6
7a90deac5cc9966b4bdd9ae1142f8480,0f2fe226e3b913e200b82b63c2547893,48a793a2180b3841c18db03fd899b476,c75f16e4b5bd336edc249b0fc57ca4df
ff903f48139266776e09acd17ae7bc8a,e685219f5704bd854d5ed6668b0e9146,7e4a91916670e4970f94ef7177c145de,859f52be7dd9f3fe56cc257b0c0b6486
51239fc37142680a5d34863442c57baa,444c6621caed712fafa7fa0afc8c5be7,ecca76f5781eb82ee750719e23059dc8,b5efeb6a9f2c32d1ab6046e4ea943afb
8faa245251a59ee9df2563027a9b922a,0b641610a6ea18008f72a9bef6310ce5,9f6a21b9405c7271c7f518cd90522c28,d061acd042173b57f8127d3daa9e2491
