CVE, Earliest Recorded Date
CVE-2012-4869, 2012-03-20 00:00:00
CVE-2016-9361, 2015-07-28 00:00:00
CVE-2005-4832, 2005-04-18 00:00:00
CVE-2014-3789, 2014-04-29 00:00:00
CVE-2015-1497, 2014-01-02 00:00:00
CVE-2006-6251, 2009-08-18 00:00:00
CVE-2008-3656, 2008-08-08 00:00:00
CVE-2004-0636, 2004-08-09 00:00:00
CVE-2005-0595, 2003-04-20 00:00:00
CVE-2011-0531, 2011-01-31 00:00:00
CVE-2006-1148, 2006-03-08 00:00:00
CVE-2015-7765, 2015-09-14 00:00:00
CVE-2005-0043, 2005-01-11 00:00:00
CVE-2013-3928, 2013-07-26 00:00:00
CVE-2011-4722, 2011-12-12 00:00:00
CVE-2012-3152, 2014-01-15 00:00:00
CVE-2009-2011, 2009-06-09 00:00:00
CVE-2011-0404, 2011-01-08 00:00:00
CVE-2015-2219, 2015-04-12 00:00:00
CVE-2006-4868, 2006-09-19 00:00:00
CVE-2011-4542, 2011-11-22 00:00:00
CVE-2014-5301, 2014-12-15 00:00:00
CVE-2013-1362, 2013-02-21 00:00:00
CVE-2006-3942, 2006-07-11 00:00:00
CVE-2017-5982, 2017-02-12 00:00:00
CVE-2014-8499, 2014-11-08 00:00:00
CVE-2005-4560, 2005-12-27 00:00:00
CVE-1999-0209, 1994-12-12 00:00:00
CVE-2014-2206, 2014-03-09 00:00:00
CVE-2014-6271, 2014-09-24 00:00:00
CVE-2015-7808, 2015-11-04 00:00:00
CVE-2011-2005, 2011-11-30 00:00:00
CVE-2010-0094, 2010-03-31 00:00:00
CVE-2014-4936, 2014-12-16 00:00:00
CVE-2012-0419, 2017-08-13 14:10:53.277000
CVE-2014-2973, 2014-07-24 00:00:00
CVE-2010-3189, 2010-08-25 00:00:00
CVE-2006-3838, 2006-07-24 00:00:00
CVE-2004-2111, 2004-12-31 00:00:00
CVE-2012-0779, 2012-05-04 00:00:00
CVE-2010-0361, 2010-01-20 00:00:00
CVE-2009-2484, 2009-06-24 00:00:00
CVE-2009-2485, 2009-06-29 00:00:00
CVE-2014-3936, 2014-05-15 00:00:00
CVE-2014-3153, 2014-05-03 00:00:00
CVE-2007-6166, 2007-11-23 00:00:00
CVE-2013-3660, 2013-05-15 00:00:00
CVE-2012-2953, 2012-07-23 00:00:00
CVE-2013-4467, 2013-10-23 00:00:00
CVE-2001-1013, 2017-08-13 14:13:36.635000
CVE-2013-4660, 2013-06-28 00:00:00
CVE-2009-3999, 2011-10-19 00:00:00
CVE-2007-2446, 2007-05-14 00:00:00
CVE-2007-2447, 2007-05-14 00:00:00
CVE-2007-2280, 2009-12-17 00:00:00
CVE-2013-3591, 2013-10-30 00:00:00
CVE-2008-5159, 2008-02-04 00:00:00
CVE-2009-4324, 2009-12-14 00:00:00
CVE-2005-0455, 2005-03-01 00:00:00
CVE-2004-1134, 2004-12-06 00:00:00
CVE-2004-1135, 2004-11-29 00:00:00
CVE-2009-2227, 2009-06-18 00:00:00
CVE-2013-1814, 2017-08-13 14:11:38.442000
CVE-2007-6016, 2008-02-28 00:00:00
CVE-2012-3579, 2012-08-27 00:00:00
CVE-2007-1868, 2007-05-02 00:00:00
CVE-2009-1136, 2009-07-13 00:00:00
CVE-2015-1486, 2015-07-31 00:00:00
CVE-2008-4844, 2008-12-07 00:00:00
CVE-2011-4404, 2011-11-21 00:00:00
CVE-2010-2729, 2010-09-14 00:00:00
CVE-2013-3843, 2013-05-30 00:00:00
CVE-2007-4440, 2007-08-18 00:00:00
CVE-2004-0608, 2004-06-18 00:00:00
CVE-2008-4449, 2008-10-02 00:00:00
CVE-2005-3252, 2005-10-18 00:00:00
CVE-2014-8361, 2015-04-24 00:00:00
CVE-2006-2447, 2006-06-06 00:00:00
CVE-2010-1960, 2010-06-08 00:00:00
CVE-2010-1961, 2010-06-16 00:00:00
CVE-2010-3653, 2010-10-21 00:00:00
CVE-2003-0722, 2003-09-13 00:00:00
CVE-2011-1653, 2011-04-13 00:00:00
CVE-2007-4620, 2008-04-04 00:00:00
CVE-2005-1272, 2005-08-02 00:00:00
CVE-2008-7232, 2008-01-08 00:00:00
CVE-2017-7442, 2017-08-15 03:31:54.196000
CVE-2015-6922, 2015-09-23 00:00:00
CVE-2008-3008, 2008-09-09 00:00:00
CVE-2014-9566, 2015-02-24 00:00:00
CVE-2002-1214, 2002-09-26 00:00:00
CVE-2007-2711, 2007-05-14 00:00:00
CVE-2009-1260, 2009-04-03 00:00:00
CVE-2013-1625, 2017-08-13 14:14:05.714000
CVE-2009-0950, 2009-06-01 00:00:00
CVE-2006-5650, 2006-11-06 00:00:00
CVE-2014-0784, 2014-03-10 00:00:00
CVE-2014-0783, 2014-03-10 00:00:00
CVE-2014-0782, 2014-03-10 00:00:00
CVE-2014-0781, 2014-03-10 00:00:00
CVE-2010-0425, 2010-03-05 00:00:00
CVE-2014-8791, 2014-11-27 00:00:00
CVE-2005-1415, 2005-05-01 00:00:00
CVE-2014-8799, 2017-08-13 14:13:42.014000
CVE-2013-6414, 2013-12-04 00:00:00
CVE-2008-4114, 2017-08-13 14:11:39.808000
CVE-2014-0307, 2014-03-11 00:00:00
CVE-2011-0257, 2011-08-08 00:00:00
CVE-2012-2763, 2012-05-18 00:00:00
CVE-2014-0160, 2014-04-07 00:00:00
CVE-2006-3952, 2006-07-31 00:00:00
CVE-2011-0499, 2011-04-11 00:00:00
CVE-2010-0886, 2010-04-09 00:00:00
CVE-2014-5460, 2014-08-28 00:00:00
CVE-2014-0497, 2014-02-05 00:00:00
CVE-2014-5468, 2014-08-26 00:00:00
CVE-2009-0880, 2009-03-10 00:00:00
CVE-2005-1099, 2005-04-12 00:00:00
CVE-2011-4971, 2017-08-13 14:16:56.855000
CVE-2004-0297, 2004-02-17 00:00:00
CVE-2013-0803, 2012-01-21 00:00:00
CVE-2003-0533, 2004-04-13 00:00:00
CVE-2003-0822, 2003-11-11 00:00:00
CVE-2012-4333, 2012-04-21 00:00:00
CVE-2013-0156, 2013-01-07 00:00:00
CVE-2014-1761, 2014-04-01 00:00:00
CVE-2011-3011, 2011-07-25 00:00:00
CVE-2012-0549, 2012-04-18 00:00:00
CVE-2009-2765, 2009-07-20 00:00:00
CVE-2012-5687, 2017-08-13 14:13:50.694000
CVE-2006-5478, 2006-10-21 00:00:00
CVE-2016-6435, 2016-10-10 00:00:00
CVE-2014-7228, 2014-09-29 00:00:00
CVE-2012-3815, 2012-06-04 00:00:00
CVE-2016-6433, 2016-10-10 00:00:00
CVE-2003-0220, 2003-04-28 00:00:00
CVE-1999-0506, 2017-08-13 14:12:13.747000
CVE-1999-0504, 1999-01-01 00:00:00
CVE-1999-0502, 1999-01-01 00:00:00
CVE-2011-3659, 2011-12-06 00:00:00
CVE-2011-3658, 2011-12-06 00:00:00
CVE-2013-0025, 2013-02-13 00:00:00
CVE-2011-3494, 2011-09-06 00:00:00
CVE-2011-3497, 2011-09-16 00:00:00
CVE-2011-3492, 2011-09-13 00:00:00
CVE-2014-9195, 2015-05-20 00:00:00
CVE-2012-5204, 2017-08-13 14:13:39.079000
CVE-2011-2386, 2011-05-20 00:00:00
CVE-2012-5202, 2017-08-13 14:13:17.586000
CVE-2012-5201, 2013-03-07 00:00:00
CVE-2007-1674, 2007-04-13 00:00:00
CVE-2008-5416, 2008-12-09 00:00:00
CVE-2010-4417, 2010-06-09 00:00:00
CVE-2007-6377, 2007-12-10 00:00:00
CVE-2013-5877, 2014-02-28 00:00:00
CVE-2013-3619, 2013-11-06 00:00:00
CVE-2000-0248, 2000-04-04 00:00:00
CVE-2006-0564, 2006-02-06 00:00:00
CVE-2016-3714, 2016-05-03 00:00:00
CVE-2012-2962, 2012-07-22 00:00:00
CVE-2017-6526, 2017-03-08 00:00:00
CVE-2017-6527, 2017-03-08 00:00:00
CVE-2012-0897, 2012-01-16 00:00:00
CVE-2009-3960, 2017-08-13 14:17:54.122000
CVE-2009-3214, 2009-08-20 00:00:00
CVE-2010-4094, 2017-08-13 14:18:21.307000
CVE-2008-2938, 2009-01-09 00:00:00
CVE-2014-9222, 2014-12-17 00:00:00
CVE-2013-4490, 2013-11-04 00:00:00
CVE-2015-7450, 2015-11-06 00:00:00
CVE-2012-6301, 2012-12-01 00:00:00
CVE-2015-2342, 2013-05-22 00:00:00
CVE-2009-0323, 2009-01-28 00:00:00
CVE-1999-0531, 2017-08-13 14:12:17.788000
CVE-2008-4922, 2008-10-30 00:00:00
CVE-2013-4011, 2013-09-24 00:00:00
CVE-2006-0295, 2006-02-02 00:00:00
CVE-2005-0116, 2005-01-15 00:00:00
CVE-2007-3010, 2007-09-09 00:00:00
CVE-2005-3314, 2005-11-18 00:00:00
CVE-2016-0710, 2016-03-06 00:00:00
CVE-2012-2020, 2012-07-09 00:00:00
CVE-2011-5164, 2011-11-09 00:00:00
CVE-2009-0183, 2009-02-02 00:00:00
CVE-2009-0187, 2009-02-03 00:00:00
CVE-2009-0184, 2009-02-02 00:00:00
CVE-2015-7857, 2015-10-23 00:00:00
CVE-2012-3569, 2012-11-08 00:00:00
CVE-2004-1037, 2004-10-01 00:00:00
CVE-2008-4322, 2008-09-26 00:00:00
CVE-2010-3600, 2011-01-18 00:00:00
CVE-2010-2731, 2010-07-02 00:00:00
CVE-2009-2367, 2017-08-13 14:13:56.443000
CVE-2016-1531, 2016-03-10 00:00:00
CVE-2016-4010, 2016-05-17 00:00:00
CVE-2014-4671, 2014-07-08 00:00:00
CVE-2007-3389, 2007-02-22 00:00:00
CVE-2005-0684, 2005-04-26 00:00:00
CVE-2017-7615, 2017-04-16 00:00:00
CVE-2008-3257, 2008-07-17 00:00:00
CVE-2007-4387, 2007-08-15 00:00:00
CVE-2013-2143, 2014-03-24 00:00:00
CVE-2009-3563, 2009-10-04 00:00:00
CVE-2005-1790, 2005-11-21 00:00:00
CVE-2013-2370, 2013-07-24 00:00:00
CVE-2014-0224, 2014-06-05 00:00:00
CVE-2014-4076, 2014-11-11 00:00:00
CVE-2007-3566, 2007-07-24 00:00:00
CVE-2009-3699, 2009-10-07 00:00:00
CVE-2006-4847, 2006-09-14 00:00:00
CVE-2011-0609, 2011-03-15 00:00:00
CVE-2009-3693, 2009-09-29 00:00:00
CVE-2005-4145, 2005-12-08 00:00:00
CVE-2011-0267, 2011-01-10 00:00:00
CVE-2011-0266, 2011-01-10 00:00:00
CVE-2006-4602, 2006-09-02 00:00:00
CVE-2014-5470, 2014-08-28 00:00:00
CVE-2016-2098, 2016-03-01 00:00:00
CVE-2013-0810, 2013-09-10 00:00:00
CVE-2014-5073, 2014-06-25 00:00:00
CVE-2014-0556, 2014-09-23 00:00:00
CVE-2003-0812, 2003-11-11 00:00:00
CVE-2012-4347, 2012-11-30 00:00:00
CVE-2013-0634, 2013-02-08 00:00:00
CVE-2003-0818, 2004-02-10 00:00:00
CVE-2013-0632, 2013-08-08 00:00:00
CVE-2012-5691, 2012-12-14 00:00:00
CVE-2012-5692, 2012-10-25 00:00:00
CVE-2012-0439, 2013-01-30 00:00:00
CVE-2013-5045, 2013-12-10 00:00:00
CVE-2012-0432, 2012-12-12 00:00:00
CVE-2014-1683, 2014-01-28 00:00:00
CVE-2014-8741, 2014-12-09 00:00:00
CVE-2014-7236, 2014-10-09 00:00:00
CVE-2014-2314, 2014-02-26 00:00:00
CVE-1999-0532, 2017-08-13 14:18:32.157000
CVE-2015-3628, 2015-09-03 00:00:00
CVE-2014-6324, 2014-11-18 00:00:00
CVE-2001-0499, 2001-06-28 00:00:00
CVE-2010-0188, 2010-02-16 00:00:00
CVE-2011-3486, 2011-09-13 00:00:00
CVE-2008-5405, 2008-11-30 00:00:00
CVE-2012-6275, 2013-01-09 00:00:00
CVE-2012-6274, 2013-01-09 00:00:00
CVE-2009-4502, 2009-09-10 00:00:00
CVE-2006-3459, 2006-08-01 00:00:00
CVE-2017-6398, 2017-01-15 00:00:00
CVE-2007-2864, 2007-06-05 00:00:00
CVE-2008-5081, 2008-11-14 00:00:00
CVE-2006-0460, 2006-02-16 00:00:00
CVE-2008-1611, 2008-03-26 00:00:00
CVE-2008-1610, 2008-03-27 00:00:00
CVE-2012-3993, 2013-08-06 00:00:00
CVE-2006-3730, 2006-07-17 00:00:00
CVE-2016-0492, 2016-01-20 00:00:00
CVE-2012-6315, 2013-01-07 00:00:00
CVE-2007-1286, 2007-03-04 00:00:00
CVE-2013-4800, 2013-07-27 00:00:00
CVE-2014-3914, 2013-10-30 00:00:00
CVE-2014-3913, 2014-06-02 00:00:00
CVE-2010-1587, 2017-08-13 14:11:34.356000
CVE-2005-0478, 2005-02-18 00:00:00
CVE-2008-5626, 2008-10-13 00:00:00
CVE-2012-2019, 2012-07-09 00:00:00
CVE-2003-0109, 2003-05-30 00:00:00
CVE-2009-5109, 2009-12-25 00:00:00
CVE-2014-2624, 2014-09-09 00:00:00
CVE-2014-2623, 2014-11-02 00:00:00
CVE-2016-10174, 2016-12-20 00:00:00
CVE-2016-10175, 2016-12-20 00:00:00
CVE-2009-4769, 2009-11-17 00:00:00
CVE-2010-1297, 2010-06-04 00:00:00
CVE-2005-1921, 2005-06-29 00:00:00
CVE-2012-3274, 2012-08-29 00:00:00
CVE-2005-0277, 2005-01-04 00:00:00
CVE-2016-1524, 2016-02-04 00:00:00
CVE-2016-1525, 2016-02-04 00:00:00
CVE-2004-1595, 2004-10-04 00:00:00
CVE-2009-4962, 2010-10-18 00:00:00
CVE-2007-5208, 2007-10-04 00:00:00
CVE-2001-0803, 2002-07-10 00:00:00
CVE-2001-0800, 2001-09-01 00:00:00
CVE-2015-1592, 2015-02-11 00:00:00
CVE-2006-6199, 2009-08-03 00:00:00
CVE-2011-0073, 2011-02-02 00:00:00
CVE-2012-0158, 2012-04-10 00:00:00
CVE-2013-2171, 2013-06-18 00:00:00
CVE-2004-1373, 2004-12-23 00:00:00
CVE-2007-3605, 2007-07-05 00:00:00
CVE-2005-0308, 2005-01-24 00:00:00
CVE-2013-2551, 2013-03-06 00:00:00
CVE-2004-0795, 2004-03-04 00:00:00
CVE-2011-0611, 2011-04-11 00:00:00
CVE-2008-4250, 2008-10-28 00:00:00
CVE-2014-0763, 2014-04-08 00:00:00
CVE-2004-0798, 2004-08-25 00:00:00
CVE-2016-2555, 2016-03-01 00:00:00
CVE-2007-4776, 2007-09-04 00:00:00
CVE-2011-4350, 2011-11-25 00:00:00
CVE-2009-3429, 2009-01-03 00:00:00
CVE-2004-1389, 2004-10-21 00:00:00
CVE-2006-2086, 2006-04-26 00:00:00
CVE-2006-2081, 2006-04-26 00:00:00
CVE-2011-4051, 2011-11-04 00:00:00
CVE-2008-1914, 2008-04-15 00:00:00
CVE-2014-4114, 2014-10-14 00:00:00
CVE-2014-4113, 2014-10-14 00:00:00
CVE-2011-0276, 2011-01-31 00:00:00
CVE-2013-1775, 2013-02-28 00:00:00
CVE-2017-6553, 2017-04-09 00:00:00
CVE-2005-2535, 2005-02-14 00:00:00
CVE-2013-1391, 2017-08-13 14:10:33.569000
CVE-2011-0105, 2011-08-09 00:00:00
CVE-2005-4797, 2017-08-13 14:19:43.044000
CVE-2014-5445, 2014-11-30 00:00:00
CVE-2006-5216, 2006-10-06 00:00:00
CVE-2009-3733, 2017-08-13 14:13:34.823000
CVE-2007-4370, 2008-08-10 00:00:00
CVE-2013-1559, 2013-04-16 00:00:00
CVE-1999-1053, 1999-11-05 00:00:00
CVE-2011-3923, 2011-10-01 00:00:00
CVE-2013-6271, 2013-10-11 00:00:00
CVE-2014-0569, 2014-10-14 00:00:00
CVE-2011-2039, 2011-06-01 00:00:00
CVE-2015-0235, 2015-01-27 00:00:00
CVE-2008-0067, 2009-01-07 00:00:00
CVE-2011-4828, 2011-11-27 00:00:00
CVE-2010-4566, 2010-12-21 00:00:00
CVE-2011-4825, 2011-04-11 00:00:00
CVE-2014-1691, 2013-06-27 00:00:00
CVE-2008-0065, 2008-01-18 00:00:00
CVE-2012-5357, 2012-10-16 00:00:00
CVE-2010-3972, 2010-12-21 00:00:00
CVE-2007-5779, 2007-10-27 00:00:00
CVE-2014-7205, 2016-11-01 00:00:00
CVE-2016-6415, 2016-09-29 00:00:00
CVE-1999-0526, 2017-08-13 14:15:04.957000
CVE-2014-6332, 2014-11-13 00:00:00
CVE-2004-0964, 2004-09-24 00:00:00
CVE-2001-0241, 2001-05-01 00:00:00
CVE-2006-0003, 2006-04-11 00:00:00
CVE-2005-2799, 2005-09-13 00:00:00
CVE-2016-6253, 2016-07-07 00:00:00
CVE-2000-0402, 2000-05-30 00:00:00
CVE-2014-3120, 2013-12-09 00:00:00
CVE-2012-5002, 2012-03-01 00:00:00
CVE-2007-5601, 2007-10-18 00:00:00
CVE-2013-3632, 2013-10-30 00:00:00
CVE-2013-3631, 2013-10-30 00:00:00
CVE-2013-3630, 2013-10-30 00:00:00
CVE-2016-6897, 2017-08-13 14:12:19.447000
CVE-2008-2286, 2008-05-15 00:00:00
CVE-2015-7297, 2015-10-22 00:00:00
CVE-2008-1358, 2008-03-13 00:00:00
CVE-2010-4279, 2010-11-30 00:00:00
CVE-2008-0550, 2008-01-24 00:00:00
CVE-2015-2562, 2015-03-20 00:00:00
CVE-2013-4812, 2013-09-09 00:00:00
CVE-2013-4811, 2013-09-09 00:00:00
CVE-2009-4195, 2009-12-03 00:00:00
CVE-2007-3039, 2007-12-11 00:00:00
CVE-2006-2502, 2006-05-21 00:00:00
CVE-2008-3878, 2008-08-27 00:00:00
CVE-2015-7871, 2017-08-13 14:15:48.269000
CVE-2008-4696, 2008-10-23 00:00:00
CVE-2014-4872, 2014-10-07 00:00:00
CVE-2014-4877, 2014-10-27 00:00:00
CVE-2013-3893, 2013-09-17 00:00:00
CVE-2016-10073, 2017-08-13 14:18:19.641000
CVE-2015-5119, 2015-07-06 00:00:00
CVE-2013-3897, 2013-10-08 00:00:00
CVE-2005-0260, 2004-12-20 00:00:00
CVE-2013-2050, 2013-11-12 00:00:00
CVE-2003-1192, 2003-11-03 00:00:00
CVE-2010-2590, 2010-12-14 00:00:00
CVE-2015-1126, 2015-04-08 00:00:00
CVE-2012-2174, 2012-06-18 00:00:00
CVE-2012-2175, 2012-06-01 00:00:00
CVE-2008-0955, 2008-05-28 00:00:00
CVE-2013-7390, 2013-11-11 00:00:00
CVE-2010-1240, 2010-03-29 00:00:00
CVE-2006-6183, 2006-11-27 00:00:00
CVE-2008-3273, 2017-08-13 14:16:00.701000
CVE-2013-3563, 2013-05-22 00:00:00
CVE-2009-0075, 2009-02-10 00:00:00
CVE-2006-6761, 2006-12-23 00:00:00
CVE-2011-0049, 2011-03-08 00:00:00
CVE-2014-0514, 2014-04-13 00:00:00
CVE-2007-4560, 2007-08-24 00:00:00
CVE-2015-5603, 2015-10-28 00:00:00
CVE-2007-3614, 2007-07-05 00:00:00
CVE-2012-3753, 2012-11-07 00:00:00
CVE-2012-3752, 2012-11-07 00:00:00
CVE-2005-3683, 2005-11-16 00:00:00
CVE-2011-4166, 2011-12-21 00:00:00
CVE-2013-6221, 2014-01-10 00:00:00
CVE-2004-0362, 2004-03-18 00:00:00
CVE-2004-0363, 2004-03-19 00:00:00
CVE-2013-1017, 2013-05-22 00:00:00
CVE-2005-4411, 2005-12-19 00:00:00
CVE-2010-3407, 2010-09-14 00:00:00
CVE-2002-1318, 2003-04-07 00:00:00
CVE-2013-1493, 2013-03-01 00:00:00
CVE-2016-9079, 2016-11-30 00:00:00
CVE-2006-0900, 2017-08-13 14:16:40.009000
CVE-2009-4988, 2009-08-01 00:00:00
CVE-2014-1510, 2014-03-17 00:00:00
CVE-2006-5198, 2007-11-02 00:00:00
CVE-2013-6282, 2013-09-06 00:00:00
CVE-2006-0441, 2006-01-24 00:00:00
CVE-2013-5065, 2013-11-27 00:00:00
CVE-2010-2333, 2017-08-13 14:12:53.525000
CVE-2010-0219, 2010-12-30 00:00:00
CVE-2008-2439, 2017-08-13 14:12:58.153000
CVE-2014-7816, 2014-10-22 00:00:00
CVE-2013-0726, 2013-04-23 00:00:00
CVE-2014-1649, 2014-05-12 00:00:00
CVE-2003-0270, 2017-08-13 14:14:42.486000
CVE-2011-2750, 2017-08-13 14:15:07.185000
CVE-2007-2139, 2007-04-25 00:00:00
CVE-2003-0471, 2003-06-24 00:00:00
CVE-2007-0882, 2007-02-12 00:00:00
CVE-2008-1562, 2008-03-28 00:00:00
CVE-2012-4361, 2011-11-11 00:00:00
CVE-2014-2424, 2014-04-21 00:00:00
CVE-2015-7601, 2015-09-28 00:00:00
CVE-2015-7602, 2015-09-28 00:00:00
CVE-2015-7603, 2015-09-22 00:00:00
CVE-2013-3621, 2013-11-06 00:00:00
CVE-2013-3623, 2013-11-06 00:00:00
CVE-2012-2915, 2012-05-16 00:00:00
CVE-2013-3628, 2013-10-30 00:00:00
CVE-2013-3629, 2013-10-30 00:00:00
CVE-2011-2371, 2011-06-21 00:00:00
CVE-1999-0170, 2017-08-13 14:14:11.692000
CVE-2013-5486, 2013-09-18 00:00:00
CVE-2006-4318, 2006-08-23 00:00:00
CVE-2006-4313, 2006-08-23 00:00:00
CVE-2010-0033, 2010-02-09 00:00:00
CVE-2008-1365, 2007-06-28 00:00:00
CVE-2008-0015, 2009-07-05 00:00:00
CVE-2014-3804, 2014-05-05 00:00:00
CVE-2012-1465, 2012-02-24 00:00:00
CVE-2003-0727, 2003-08-18 00:00:00
CVE-2003-0050, 2003-02-24 00:00:00
CVE-2008-0492, 2008-01-25 00:00:00
CVE-2008-5191, 2014-03-20 00:00:00
CVE-2013-4826, 2017-08-13 14:14:37.969000
CVE-2013-4824, 2013-10-08 00:00:00
CVE-2013-4823, 2017-08-13 14:11:15.207000
CVE-2013-4822, 2013-10-08 00:00:00
CVE-2015-0779, 2015-04-07 00:00:00
CVE-2008-3466, 2008-10-14 00:00:00
CVE-2009-3869, 2009-11-04 00:00:00
CVE-2009-3976, 2009-08-25 00:00:00
CVE-2009-3867, 2009-11-04 00:00:00
CVE-2009-3861, 2009-10-30 00:00:00
CVE-2002-2268, 2002-12-02 00:00:00
CVE-2012-6066, 2010-08-11 00:00:00
CVE-2011-2404, 2011-08-16 00:00:00
CVE-2015-0313, 2015-02-02 00:00:00
CVE-2015-5122, 2015-07-06 00:00:00
CVE-2015-1130, 2015-04-09 00:00:00
CVE-2006-6576, 2011-01-23 00:00:00
CVE-2016-0051, 2016-02-09 00:00:00
CVE-2015-1427, 2015-02-11 00:00:00
CVE-2009-1394, 2009-06-25 00:00:00
CVE-2006-2407, 2006-05-12 00:00:00
CVE-2013-3576, 2013-06-11 00:00:00
CVE-2004-1172, 2004-12-16 00:00:00
CVE-2009-1568, 2009-12-08 00:00:00
CVE-2013-7091, 2013-12-06 00:00:00
CVE-2013-5447, 2013-12-05 00:00:00
CVE-2013-2113, 2013-06-06 00:00:00
CVE-2013-2115, 2013-05-24 00:00:00
CVE-2006-1359, 2006-03-19 00:00:00
CVE-2010-2075, 2010-06-12 00:00:00
CVE-2013-3975, 2013-12-27 00:00:00
CVE-2013-3977, 2013-12-27 00:00:00
CVE-2010-3275, 2011-03-23 00:00:00
CVE-2004-1317, 2004-12-27 00:00:00
CVE-2012-2611, 2012-05-08 00:00:00
CVE-2009-2288, 2009-06-22 00:00:00
CVE-2010-1818, 2010-08-30 00:00:00
CVE-2006-6076, 2006-11-21 00:00:00
CVE-2015-2049, 2015-02-23 00:00:00
CVE-2004-0313, 2004-02-20 00:00:00
CVE-2013-3881, 2013-10-08 00:00:00
CVE-2013-2028, 2013-05-07 00:00:00
CVE-2009-1535, 2017-08-13 14:16:12.803000
CVE-2009-1534, 2009-08-11 00:00:00
CVE-2013-2751, 2013-07-12 00:00:00
CVE-2013-1488, 2013-01-10 00:00:00
CVE-2008-2157, 2008-05-27 00:00:00
CVE-2013-1710, 2013-05-14 00:00:00
CVE-2005-4085, 2005-01-05 00:00:00
CVE-2011-3230, 2011-10-12 00:00:00
CVE-2008-6508, 2008-11-10 00:00:00
CVE-2005-1348, 2005-04-24 00:00:00
CVE-2012-5975, 2012-12-01 00:00:00
CVE-2009-3711, 2009-10-08 00:00:00
CVE-2012-0198, 2012-03-01 00:00:00
CVE-2008-5499, 2008-12-17 00:00:00
CVE-2011-3587, 2011-10-04 00:00:00
CVE-2002-0965, 2002-05-27 00:00:00
CVE-2012-6664, 2012-04-08 00:00:00
CVE-2012-4177, 2012-07-29 00:00:00
CVE-2006-4948, 2006-09-21 00:00:00
CVE-2012-6663, 2012-01-19 00:00:00
CVE-2013-5019, 2013-07-10 00:00:00
CVE-2013-5014, 2014-02-24 00:00:00
CVE-2009-2727, 2009-06-17 00:00:00
CVE-2012-4284, 2012-08-12 00:00:00
CVE-2010-0688, 2010-02-27 00:00:00
CVE-2008-2158, 2008-05-27 00:00:00
CVE-2008-6938, 2008-11-13 00:00:00
CVE-2003-0264, 2003-05-07 00:00:00
CVE-2014-6352, 2014-10-21 00:00:00
CVE-2008-4388, 2009-01-15 00:00:00
CVE-2012-0507, 2012-02-14 00:00:00
CVE-2011-3167, 2011-11-01 00:00:00
CVE-2000-1089, 2000-12-04 00:00:00
CVE-2005-2668, 2005-08-22 00:00:00
CVE-2014-9390, 2014-12-18 00:00:00
CVE-2016-6277, 2016-12-06 00:00:00
CVE-2014-8423, 2014-11-25 00:00:00
CVE-2012-2926, 2017-08-13 14:14:51.389000
CVE-2014-2299, 2014-03-20 00:00:00
CVE-2006-4305, 2006-08-29 00:00:00
CVE-2014-6287, 2014-09-11 00:00:00
CVE-2016-7456, 2016-12-20 00:00:00
CVE-2013-0109, 2012-12-25 00:00:00
CVE-2012-5159, 2012-09-25 00:00:00
CVE-2007-2238, 2009-04-15 00:00:00
CVE-2007-5244, 2007-10-03 00:00:00
CVE-2013-3763, 2013-07-16 00:00:00
CVE-2007-5243, 2007-10-03 00:00:00
CVE-2012-1675, 2012-04-18 00:00:00
CVE-2010-4321, 2008-06-16 00:00:00
CVE-2010-4452, 2011-02-15 00:00:00
CVE-2013-4837, 2013-10-30 00:00:00
CVE-2008-5457, 2009-01-13 00:00:00
CVE-2009-4179, 2009-12-09 00:00:00
CVE-2015-1701, 2015-05-12 00:00:00
CVE-2010-2115, 2010-05-21 00:00:00
CVE-2010-1318, 2010-04-16 00:00:00
CVE-2010-4142, 2010-10-15 00:00:00
CVE-2005-3190, 2005-10-06 00:00:00
CVE-2009-0476, 2009-12-08 00:00:00
CVE-2006-3677, 2006-07-25 00:00:00
CVE-2013-3163, 2013-07-09 00:00:00
CVE-2012-1875, 2012-06-12 00:00:00
CVE-2012-1876, 2012-06-12 00:00:00
CVE-2015-1635, 2017-08-13 14:14:19.665000
CVE-2004-1520, 2004-11-12 00:00:00
CVE-2013-3184, 2013-06-27 00:00:00
CVE-2006-6565, 2006-12-11 00:00:00
CVE-2008-4654, 2008-10-22 00:00:00
CVE-2016-0041, 2015-12-08 00:00:00
CVE-2009-1386, 2000-04-26 00:00:00
CVE-2010-1799, 2010-08-12 00:00:00
CVE-2011-5034, 2011-12-28 00:00:00
CVE-2011-1260, 2011-06-16 00:00:00
CVE-2008-3922, 2008-08-26 00:00:00
CVE-2013-3502, 2013-03-08 00:00:00
CVE-2009-4006, 2009-11-01 00:00:00
CVE-2012-1495, 2012-04-23 00:00:00
CVE-2012-1493, 2012-06-11 00:00:00
CVE-2004-0541, 2004-06-08 00:00:00
CVE-2013-3986, 2013-11-07 00:00:00
CVE-2013-3982, 2013-12-27 00:00:00
CVE-2010-2063, 2010-06-16 00:00:00
CVE-2008-3704, 2008-08-13 00:00:00
CVE-2011-1865, 2011-06-29 00:00:00
CVE-2017-3881, 2017-03-17 00:00:00
CVE-2002-2226, 2002-11-19 00:00:00
CVE-2006-3252, 2006-06-26 00:00:00
CVE-2013-7260, 2013-12-20 00:00:00
CVE-2015-7387, 2015-07-11 00:00:00
CVE-2009-0658, 2009-02-19 00:00:00
CVE-2013-3214, 2013-03-26 00:00:00
CVE-2012-0297, 2012-05-17 00:00:00
CVE-2004-0430, 2004-05-03 00:00:00
CVE-2012-0299, 2012-05-17 00:00:00
CVE-2011-1996, 2012-10-11 00:00:00
CVE-2011-3829, 2011-11-10 00:00:00
CVE-2012-4969, 2017-08-13 14:10:15.114000
CVE-2013-6117, 2017-08-13 14:18:37.715000
CVE-2006-2237, 2006-05-04 00:00:00
CVE-2006-5229, 2017-08-13 14:15:46.792000
CVE-2011-4929, 2010-12-19 00:00:00
CVE-2010-3338, 2010-09-13 00:00:00
CVE-2006-1255, 2006-03-17 00:00:00
CVE-2010-3333, 2010-11-09 00:00:00
CVE-2016-0854, 2016-02-05 00:00:00
CVE-2009-2650, 2009-07-01 00:00:00
CVE-2014-8636, 2014-01-20 00:00:00
CVE-2014-0750, 2014-01-23 00:00:00
CVE-2005-2278, 2005-07-13 00:00:00
CVE-2010-0232, 2010-01-19 00:00:00
CVE-2011-0807, 2011-08-04 00:00:00
CVE-2009-3672, 2009-11-20 00:00:00
CVE-2012-0270, 2012-02-23 00:00:00
CVE-2005-2877, 2005-09-14 00:00:00
CVE-2008-1491, 2008-03-21 00:00:00
CVE-2002-0649, 2002-07-24 00:00:00
CVE-2011-2950, 2011-08-16 00:00:00
CVE-2013-0074, 2013-03-12 00:00:00
CVE-2005-2611, 2017-08-13 14:15:39.156000
CVE-2005-2612, 2005-08-09 00:00:00
CVE-2011-3176, 2012-02-22 00:00:00
CVE-2011-3175, 2012-02-22 00:00:00
CVE-2010-0304, 2010-01-27 00:00:00
CVE-2006-6184, 2006-11-27 00:00:00
CVE-2009-2936, 2017-08-13 14:19:05.618000
CVE-2011-2882, 2011-07-14 00:00:00
CVE-2007-5107, 2007-09-24 00:00:00
CVE-2008-2703, 2008-07-02 00:00:00
CVE-2012-2288, 2012-08-29 00:00:00
CVE-2009-1831, 2009-05-20 00:00:00
CVE-2004-2687, 2002-02-01 00:00:00
CVE-2011-2089, 2011-05-05 00:00:00
CVE-2005-2297, 2005-07-25 00:00:00
CVE-2010-0017, 2017-08-13 14:11:36.622000
CVE-2009-3068, 2009-09-23 00:00:00
CVE-2016-3321, 2016-08-09 00:00:00
CVE-2015-5082, 2015-06-28 00:00:00
CVE-2007-2918, 2007-05-31 00:00:00
CVE-2007-2919, 2007-06-06 00:00:00
CVE-2006-3524, 2006-07-10 00:00:00
CVE-2005-2120, 2017-08-13 14:13:13.028000
CVE-2008-5448, 2009-01-14 00:00:00
CVE-2009-4140, 2009-12-14 00:00:00
CVE-2009-4498, 2009-09-10 00:00:00
CVE-2015-8562, 2015-12-14 00:00:00
CVE-2008-1724, 2008-04-07 00:00:00
CVE-2008-5444, 2009-01-14 00:00:00
CVE-2010-1964, 2010-06-16 00:00:00
CVE-2009-3849, 2009-12-09 00:00:00
CVE-2009-3843, 2009-11-09 00:00:00
CVE-2017-0358, 2017-01-05 00:00:00
CVE-2015-2284, 2015-03-13 00:00:00
CVE-2008-5666, 2008-09-26 00:00:00
CVE-2008-5664, 2008-12-16 00:00:00
CVE-2010-0870, 2010-04-26 00:00:00
CVE-2008-4828, 2009-11-04 00:00:00
CVE-2012-1803, 2017-08-13 14:12:39.948000
CVE-2013-6935, 2013-11-01 00:00:00
CVE-2008-4008, 2008-09-09 00:00:00
CVE-2014-3828, 2014-10-15 00:00:00
CVE-2004-1558, 2004-09-27 00:00:00
CVE-2015-0975, 2015-01-08 00:00:00
CVE-2004-1550, 2004-09-24 00:00:00
CVE-2015-1155, 2014-01-16 00:00:00
CVE-2004-1080, 2004-12-14 00:00:00
CVE-2012-2122, 2012-06-09 00:00:00
CVE-2007-2175, 2007-04-23 00:00:00
CVE-2008-5711, 2008-01-31 00:00:00
CVE-2013-2827, 2014-01-14 00:00:00
CVE-2011-1213, 2011-05-24 00:00:00
CVE-2009-1029, 2009-02-27 00:00:00
CVE-2009-1028, 2009-03-09 00:00:00
CVE-2015-3224, 2015-06-16 00:00:00
CVE-2005-1815, 2005-05-27 00:00:00
CVE-2005-1812, 2005-05-31 00:00:00
CVE-2017-0199, 2017-04-14 00:00:00
CVE-2005-1213, 2005-06-14 00:00:00
CVE-2004-0206, 2004-10-12 00:00:00
CVE-2007-4515, 2007-08-30 00:00:00
CVE-2006-6423, 2006-12-11 00:00:00
CVE-2007-3314, 2007-06-19 00:00:00
CVE-2006-6425, 2006-12-23 00:00:00
CVE-2006-6424, 2006-12-23 00:00:00
CVE-2010-2309, 2010-06-01 00:00:00
CVE-2010-1871, 2010-07-19 00:00:00
CVE-2015-2065, 2015-02-24 00:00:00
CVE-2005-0511, 2005-02-25 00:00:00
CVE-2009-1730, 2009-05-16 00:00:00
CVE-2010-3654, 2010-10-28 00:00:00
CVE-2004-0331, 2004-02-26 00:00:00
CVE-2004-0330, 2004-02-26 00:00:00
CVE-2013-3205, 2013-09-10 00:00:00
CVE-2013-6031, 2013-11-11 00:00:00
CVE-2012-0284, 2012-07-17 00:00:00
CVE-2011-4642, 2011-12-12 00:00:00
CVE-2011-1140, 2011-03-01 00:00:00
CVE-2005-0768, 2005-03-15 00:00:00
CVE-2008-0621, 2008-02-04 00:00:00
CVE-2009-1350, 2009-04-06 00:00:00
CVE-2013-4835, 2013-10-30 00:00:00
CVE-2010-0822, 2010-06-08 00:00:00
CVE-2006-5780, 2006-11-06 00:00:00
CVE-2011-0922, 2011-11-02 00:00:00
CVE-2011-0923, 2011-02-07 00:00:00
CVE-2013-2641, 2013-04-03 00:00:00
CVE-2016-2203, 2015-12-17 00:00:00
CVE-2006-5143, 2006-10-05 00:00:00
CVE-2012-5958, 2013-01-29 00:00:00
CVE-2015-5477, 2015-07-28 00:00:00
CVE-2009-4178, 2009-12-09 00:00:00
CVE-2006-5815, 2006-11-26 00:00:00
CVE-2006-1016, 2006-02-24 00:00:00
CVE-2005-2265, 2005-07-13 00:00:00
CVE-2014-0659, 2013-12-31 00:00:00
CVE-2015-2843, 2015-04-21 00:00:00
CVE-2010-2861, 2017-08-13 14:15:49.736000
CVE-2011-3360, 2011-07-18 00:00:00
CVE-2011-3368, 2017-08-13 14:10:58.043000
CVE-2011-4862, 2011-12-23 00:00:00
CVE-2012-0266, 2012-01-11 00:00:00
CVE-2012-0267, 2012-01-11 00:00:00
CVE-2012-4554, 2012-10-17 00:00:00
CVE-2012-0261, 2012-01-05 00:00:00
CVE-2002-1123, 2002-08-05 00:00:00
CVE-2002-1120, 2002-09-10 00:00:00
CVE-2011-2763, 2011-07-13 00:00:00
CVE-2007-0038, 2007-03-28 00:00:00
CVE-2016-8869, 2016-10-25 00:00:00
CVE-2014-5377, 2014-08-28 00:00:00
CVE-2015-2993, 2015-06-03 00:00:00
CVE-2015-2996, 2015-06-03 00:00:00
CVE-2015-2995, 2015-06-03 00:00:00
CVE-2015-2994, 2015-06-03 00:00:00
CVE-2007-0325, 2007-02-12 00:00:00
CVE-2000-0917, 2000-09-25 00:00:00
CVE-2014-2477, 2014-07-15 00:00:00
CVE-2008-2551, 2008-06-03 00:00:00
CVE-2012-3485, 2012-08-11 00:00:00
CVE-2013-5696, 2013-09-12 00:00:00
CVE-1999-0103, 1996-02-08 00:00:00
CVE-2005-2733, 2005-08-25 00:00:00
CVE-2004-2691, 2004-06-24 00:00:00
CVE-2013-4614, 2013-06-18 00:00:00
CVE-2013-4615, 2013-06-18 00:00:00
CVE-2005-2287, 2005-07-11 00:00:00
CVE-2013-5743, 2013-09-23 00:00:00
CVE-2013-5211, 2014-08-25 00:00:00
CVE-2011-3544, 2011-10-18 00:00:00
CVE-2008-6898, 2008-12-29 00:00:00
CVE-2007-1036, 2007-02-20 00:00:00
CVE-2010-2883, 2010-09-07 00:00:00
CVE-2013-4988, 2013-12-10 00:00:00
CVE-2007-6204, 2007-12-06 00:00:00
CVE-2013-4983, 2013-09-06 00:00:00
CVE-2013-4984, 2013-09-06 00:00:00
CVE-2003-0714, 2003-10-15 00:00:00
CVE-2006-2685, 2008-06-14 00:00:00
CVE-2003-0719, 2004-04-13 00:00:00
CVE-1999-1011, 1998-07-17 00:00:00
CVE-2012-6554, 2012-05-30 00:00:00
CVE-2012-0708, 2012-05-19 00:00:00
CVE-2009-4484, 2010-01-25 00:00:00
CVE-2012-4792, 2012-12-27 00:00:00
CVE-2009-3853, 2009-11-04 00:00:00
CVE-2010-1465, 2010-04-11 00:00:00
CVE-2007-1819, 2007-04-04 00:00:00
CVE-2014-3704, 2014-10-15 00:00:00
CVE-2015-6522, 2015-08-18 00:00:00
CVE-2014-2127, 2014-04-09 00:00:00
CVE-2008-5492, 2008-06-16 00:00:00
CVE-2007-5863, 2007-12-17 00:00:00
CVE-2008-4830, 2009-04-15 00:00:00
CVE-2015-3105, 2015-05-12 00:00:00
CVE-2008-4384, 2008-10-06 00:00:00
CVE-2008-4385, 2008-10-16 00:00:00
CVE-2013-3346, 2013-08-08 00:00:00
CVE-2013-4164, 2013-11-22 00:00:00
CVE-2017-8464, 2017-06-13 00:00:00
CVE-2010-2263, 2017-08-13 14:13:24.227000
CVE-2010-0356, 2010-01-12 00:00:00
CVE-2015-5889, 2015-10-01 00:00:00
CVE-2011-5010, 2011-09-08 00:00:00
CVE-2013-3522, 2013-03-24 00:00:00
CVE-2013-3520, 2013-05-15 00:00:00
CVE-2006-1652, 2006-04-04 00:00:00
CVE-2005-0353, 2005-03-07 00:00:00
CVE-2012-2626, 2012-07-27 00:00:00
CVE-2004-1638, 2004-10-26 00:00:00
CVE-2010-1681, 2010-05-04 00:00:00
CVE-2013-3238, 2013-04-25 00:00:00
CVE-2004-0326, 2004-02-23 00:00:00
CVE-2015-0964, 2015-04-08 00:00:00
CVE-2013-2347, 2014-01-02 00:00:00
CVE-2012-6096, 2012-12-09 00:00:00
CVE-2013-2343, 2013-06-28 00:00:00
CVE-2013-2010, 2013-04-17 00:00:00
CVE-2013-1690, 2013-06-25 00:00:00
CVE-2005-0771, 2017-08-13 14:18:01.822000
CVE-2005-0773, 2005-06-22 00:00:00
CVE-2004-0695, 2004-07-13 00:00:00
CVE-2012-4940, 2012-10-31 00:00:00
CVE-2002-1359, 2002-12-16 00:00:00
CVE-2015-1187, 2015-02-26 00:00:00
CVE-2017-8291, 2017-04-27 00:00:00
CVE-2013-2121, 2013-06-06 00:00:00
CVE-2009-1612, 2009-04-30 00:00:00
CVE-2013-7331, 2014-09-09 00:00:00
CVE-2011-3200, 2011-09-01 00:00:00
CVE-2006-5792, 2009-10-03 00:00:00
CVE-2011-0951, 2017-08-13 14:12:59.636000
CVE-2012-4705, 2013-02-02 00:00:00
CVE-2009-0815, 2009-02-10 00:00:00
CVE-2006-5156, 2006-07-17 00:00:00
CVE-2012-5946, 2013-04-26 00:00:00
CVE-2014-9707, 2017-08-13 14:18:52.556000
CVE-2005-1009, 2005-04-01 00:00:00
CVE-2007-3435, 2007-06-22 00:00:00
CVE-2011-4786, 2012-01-11 00:00:00
CVE-2017-11882, 2018-02-01 08:10:21.085000
CVE-2011-3976, 2011-10-12 00:00:00
CVE-2011-4789, 2012-01-12 00:00:00
CVE-2001-0168, 2001-01-29 00:00:00
CVE-1999-1510, 2011-08-07 00:00:00
CVE-2015-2856, 2015-07-10 00:00:00
CVE-2015-2857, 2015-07-10 00:00:00
CVE-2001-0167, 2001-01-29 00:00:00
CVE-2009-0927, 2009-03-24 00:00:00
CVE-2009-0920, 2009-01-21 00:00:00
CVE-2008-2161, 2008-07-05 00:00:00
CVE-2005-2852, 2007-01-21 00:00:00
CVE-2007-5603, 2007-11-01 00:00:00
CVE-2012-6636, 2012-12-21 00:00:00
CVE-2016-10033, 2016-12-26 00:00:00
CVE-2013-5036, 2013-08-06 00:00:00
CVE-2010-0679, 2010-02-10 00:00:00
CVE-2002-0392, 2002-06-19 00:00:00
CVE-2013-1300, 2013-12-01 00:00:00
CVE-2006-4688, 2006-11-14 00:00:00
CVE-2015-0359, 2014-04-14 00:00:00
CVE-2009-3103, 2009-09-07 00:00:00
CVE-2007-0449, 2007-01-31 00:00:00
CVE-2013-0653, 2013-01-22 00:00:00
CVE-2007-5659, 2008-02-08 00:00:00
CVE-2014-7146, 2014-11-08 00:00:00
CVE-2006-2926, 2006-06-07 00:00:00
CVE-2006-0476, 2006-01-29 00:00:00
CVE-2006-3439, 2006-08-08 00:00:00
CVE-2008-2905, 2008-06-14 00:00:00
CVE-2012-0663, 2012-05-15 00:00:00
CVE-2002-1142, 2002-11-20 00:00:00
CVE-2017-6334, 2017-02-25 00:00:00
CVE-2014-2268, 2014-03-05 00:00:00
CVE-2010-4221, 2010-11-01 00:00:00
CVE-2011-3556, 2011-10-15 00:00:00
CVE-2012-1723, 2012-06-06 00:00:00
CVE-2006-4777, 2006-11-14 00:00:00
CVE-2012-5613, 2012-12-01 00:00:00
CVE-2007-1559, 2007-04-11 00:00:00
CVE-2015-7007, 2015-10-16 00:00:00
CVE-2008-5002, 2008-11-03 00:00:00
CVE-2011-5227, 2011-12-19 00:00:00
CVE-2014-6038, 2014-11-05 00:00:00
CVE-2014-6037, 2014-08-31 00:00:00
CVE-2014-6034, 2014-09-27 00:00:00
CVE-2001-0414, 2001-04-04 00:00:00
CVE-2008-0610, 2008-02-06 00:00:00
CVE-2010-0103, 2010-03-05 00:00:00
CVE-2006-5276, 2007-02-19 00:00:00
CVE-2016-7552, 2017-04-10 00:00:00
CVE-2017-0372, 2017-04-06 00:00:00
CVE-2008-1602, 2008-04-03 00:00:00
CVE-2012-1535, 2012-08-09 00:00:00
CVE-2017-5689, 2017-05-05 00:00:00
CVE-2012-1823, 2012-05-03 00:00:00
CVE-2012-1533, 2012-10-16 00:00:00
CVE-2013-4798, 2013-07-24 00:00:00
CVE-2009-4588, 2009-07-10 00:00:00
CVE-2008-0506, 2008-01-30 00:00:00
CVE-2015-1172, 2015-02-11 00:00:00
CVE-2003-1141, 2003-11-05 00:00:00
CVE-2016-0099, 2016-03-21 00:00:00
CVE-2008-3558, 2008-08-06 00:00:00
CVE-2014-4880, 2014-11-19 00:00:00
CVE-2011-5007, 2011-12-02 00:00:00
CVE-2011-5001, 2011-12-07 00:00:00
CVE-2011-5003, 2011-11-29 00:00:00
CVE-2010-2415, 2010-10-13 00:00:00
CVE-2004-1626, 2004-10-22 00:00:00
CVE-2008-0871, 2008-02-19 00:00:00
CVE-2014-8270, 2014-12-09 00:00:00
CVE-2012-6081, 2012-12-30 00:00:00
CVE-2001-0797, 2001-12-12 00:00:00
CVE-2013-2333, 2013-06-03 00:00:00
CVE-2013-2068, 2013-09-04 00:00:00
CVE-2016-5330, 2016-08-05 00:00:00
CVE-2012-4958, 2012-11-16 00:00:00
CVE-2012-4959, 2012-11-16 00:00:00
CVE-2006-6063, 2006-11-21 00:00:00
CVE-2012-4956, 2012-11-16 00:00:00
CVE-2012-4957, 2012-11-16 00:00:00
CVE-2010-2743, 2010-10-12 00:00:00
CVE-2016-4557, 2016-05-04 00:00:00
CVE-2012-0391, 2010-07-13 00:00:00
CVE-2012-0394, 2012-01-06 00:00:00
CVE-2006-0992, 2006-04-13 00:00:00
CVE-2005-1543, 2005-05-19 00:00:00
CVE-2013-2465, 2013-08-12 00:00:00
CVE-2013-2460, 2013-06-18 00:00:00
CVE-2005-1018, 2005-04-11 00:00:00
CVE-2009-3591, 2009-10-05 00:00:00
CVE-2014-7992, 2014-11-17 00:00:00
CVE-2014-0094, 2014-03-06 00:00:00
CVE-2012-4711, 2012-11-20 00:00:00
CVE-2014-0257, 2014-02-11 00:00:00
CVE-2006-0848, 2006-02-21 00:00:00
CVE-2010-0248, 2010-01-21 00:00:00
CVE-2010-0249, 2010-01-14 00:00:00
CVE-2011-3305, 2017-08-13 14:15:24.310000
CVE-2010-0480, 2010-04-13 00:00:00
CVE-2010-0483, 2010-02-26 00:00:00
CVE-2007-4006, 2007-07-24 00:00:00
CVE-2015-0002, 2014-09-30 00:00:00
CVE-2014-7863, 2015-01-28 00:00:00
CVE-2014-7862, 2014-12-31 00:00:00
CVE-2005-2847, 2005-09-01 00:00:00
CVE-2010-0805, 2010-03-09 00:00:00
CVE-2010-0806, 2010-03-09 00:00:00
CVE-2014-1610, 2014-01-28 00:00:00
CVE-2000-0573, 2000-06-22 00:00:00
CVE-2011-2140, 2011-08-09 00:00:00
CVE-2013-0229, 2013-03-27 00:00:00
CVE-2009-2477, 2009-07-13 00:00:00
CVE-2016-2004, 2016-04-18 00:00:00
CVE-2006-4691, 2006-11-14 00:00:00
CVE-2006-5745, 2006-10-10 00:00:00
CVE-2007-0169, 2007-01-11 00:00:00
CVE-2007-5660, 2007-10-20 00:00:00
CVE-2008-2240, 2008-05-20 00:00:00
CVE-2013-0136, 2013-05-15 00:00:00
CVE-2017-6326, 2017-04-26 00:00:00
CVE-2003-0558, 2003-06-09 00:00:00
CVE-2001-0311, 2001-02-28 00:00:00
CVE-2012-5192, 2012-10-23 00:00:00
CVE-2007-0018, 2007-01-24 00:00:00
CVE-2014-8516, 2014-11-03 00:00:00
CVE-2014-8517, 2014-10-28 00:00:00
CVE-2007-0015, 2007-01-01 00:00:00
CVE-2014-2928, 2013-09-17 00:00:00
CVE-2007-5067, 2007-09-24 00:00:00
CVE-2015-8249, 2015-12-14 00:00:00
CVE-2004-2416, 2004-11-11 00:00:00
CVE-2011-2217, 2011-05-03 00:00:00
CVE-2015-2509, 2015-09-08 00:00:00
CVE-2014-7285, 2014-12-16 00:00:00
CVE-2009-1979, 2009-10-20 00:00:00
CVE-2009-1977, 2010-07-13 00:00:00
CVE-2005-3155, 2005-10-03 00:00:00
CVE-2009-3837, 2009-10-22 00:00:00
CVE-2012-3811, 2012-06-28 00:00:00
CVE-2007-5511, 2007-10-17 00:00:00
CVE-2013-4786, 2013-06-20 00:00:00
CVE-1999-0651, 2017-08-13 14:11:00.543000
CVE-2013-4782, 2013-06-20 00:00:00
CVE-2010-3971, 2010-11-29 00:00:00
CVE-2010-3970, 2010-12-15 00:00:00
CVE-2010-3973, 2010-12-21 00:00:00
CVE-2009-4225, 2009-11-02 00:00:00
CVE-2008-4037, 2001-03-31 00:00:00
CVE-2008-5036, 2008-11-05 00:00:00
CVE-2007-3925, 2007-07-18 00:00:00
CVE-2007-3147, 2007-06-05 00:00:00
CVE-2008-0311, 2008-04-02 00:00:00
CVE-2011-1220, 2011-05-31 00:00:00
CVE-2006-3747, 2006-07-28 00:00:00
CVE-2009-0580, 2017-08-13 14:10:38.798000
CVE-2014-5519, 2014-09-11 00:00:00
CVE-2005-3398, 2017-08-13 14:14:24.204000
CVE-2013-2251, 2013-07-02 00:00:00
CVE-2008-3984, 2008-10-13 00:00:00
CVE-2009-0978, 2009-05-04 00:00:00
CVE-2008-3983, 2008-10-22 00:00:00
CVE-2008-3982, 2008-10-13 00:00:00
CVE-2010-2620, 2012-06-18 00:00:00
CVE-2017-0147, 2017-03-14 00:00:00
CVE-2017-0143, 2017-08-13 14:13:11.498000
CVE-1999-0508, 2017-08-13 14:18:07.170000
CVE-2009-0695, 2009-07-10 00:00:00
CVE-2014-0038, 2014-02-02 00:00:00
CVE-2015-3306, 2015-04-22 00:00:00
CVE-2009-1185, 2009-04-16 00:00:00
CVE-2017-3823, 2017-01-21 00:00:00
CVE-2017-9769, 2017-03-22 00:00:00
CVE-2015-2673, 2015-02-25 00:00:00
CVE-2009-3459, 2009-10-08 00:00:00
CVE-2012-0013, 2012-01-10 00:00:00
CVE-2009-1569, 2009-12-08 00:00:00
CVE-2011-1485, 2011-04-01 00:00:00
CVE-2007-3216, 2007-06-06 00:00:00
CVE-2012-4924, 2012-02-17 00:00:00
CVE-2013-2492, 2013-01-31 00:00:00
CVE-2006-0027, 2004-11-12 00:00:00
CVE-2011-4075, 2011-10-24 00:00:00
CVE-2009-0837, 2009-03-09 00:00:00
CVE-2009-0836, 2009-03-09 00:00:00
CVE-2013-1412, 2013-01-28 00:00:00
CVE-2012-0124, 2012-03-12 00:00:00
CVE-2006-0987, 2017-08-13 14:10:54.879000
CVE-2009-2692, 2009-08-13 00:00:00
CVE-2013-1892, 2013-03-24 00:00:00
CVE-2013-1899, 2017-08-13 14:14:09.336000
CVE-2002-1643, 2002-12-20 00:00:00
CVE-2010-0478, 2010-04-13 00:00:00
CVE-2006-6665, 2006-12-19 00:00:00
CVE-2015-0016, 2015-01-13 00:00:00
CVE-2008-2992, 2008-02-08 00:00:00
CVE-2015-5531, 2017-08-13 14:16:52.017000
CVE-2010-2227, 2010-07-09 00:00:00
CVE-2012-5203, 2017-08-13 14:18:31.316000
CVE-2012-5525, 2017-08-13 14:16:04.779000
CVE-2010-1527, 2010-08-20 00:00:00
CVE-2012-2516, 2012-06-26 00:00:00
CVE-2004-1561, 2004-09-28 00:00:00
CVE-2013-0232, 2013-01-22 00:00:00
CVE-2013-0233, 2013-01-28 00:00:00
CVE-2013-0230, 2013-03-27 00:00:00
CVE-2011-3402, 2017-08-13 14:11:11.443000
CVE-2011-3400, 2011-12-13 00:00:00
CVE-2012-2176, 2012-05-23 00:00:00
CVE-2015-0336, 2015-03-12 00:00:00
CVE-2010-0840, 2010-03-31 00:00:00
CVE-2015-8103, 2015-11-18 00:00:00
CVE-2009-3129, 2009-11-10 00:00:00
CVE-2008-2031, 2008-10-24 00:00:00
CVE-2004-2086, 2003-06-21 00:00:00
CVE-2009-2990, 2009-10-13 00:00:00
CVE-2009-3028, 2009-09-09 00:00:00
CVE-2009-3023, 2009-08-31 00:00:00
CVE-2008-1697, 2008-04-02 00:00:00
CVE-2009-2514, 2009-11-10 00:00:00
CVE-2015-0240, 2017-08-13 14:19:04.225000
CVE-2013-5576, 2013-08-01 00:00:00
CVE-2008-2639, 2008-06-11 00:00:00
CVE-2010-4804, 2017-08-13 14:14:27.355000
CVE-2007-2888, 2007-05-24 00:00:00
CVE-2013-5795, 2014-02-28 00:00:00
CVE-2015-7755, 2015-12-20 00:00:00
CVE-2008-6825, 2008-07-09 00:00:00
CVE-2007-5217, 2007-10-03 00:00:00
CVE-2011-2595, 2011-09-12 00:00:00
CVE-2004-2466, 2007-08-14 00:00:00
CVE-2015-3043, 2015-06-23 00:00:00
CVE-2000-0380, 2000-04-26 00:00:00
CVE-2007-1689, 2007-05-16 00:00:00
CVE-2014-3996, 2014-06-08 00:00:00
CVE-2007-1682, 2008-08-25 00:00:00
CVE-2017-5521, 2017-08-13 14:16:46.797000
CVE-2013-3568, 2013-07-12 00:00:00
CVE-2013-3617, 2013-10-30 00:00:00
CVE-2008-6132, 2008-10-01 00:00:00
CVE-2007-1373, 2007-03-06 00:00:00
CVE-2017-9805, 2017-09-08 16:35:34.655000
CVE-2016-1909, 2016-01-09 00:00:00
CVE-2012-5076, 2012-10-16 00:00:00
CVE-2014-4404, 2014-09-24 00:00:00
CVE-2008-4193, 2008-06-02 00:00:00
CVE-2016-3213, 2016-06-14 00:00:00
CVE-1999-0667, 1999-12-22 00:00:00
CVE-2011-2462, 2011-12-06 00:00:00
CVE-2003-0349, 2003-06-25 00:00:00
CVE-2006-6707, 2007-07-07 00:00:00
CVE-2003-0344, 2003-06-04 00:00:00
CVE-2010-3962, 2010-11-03 00:00:00
CVE-2010-3964, 2010-12-14 00:00:00
CVE-2008-3979, 2009-01-13 00:00:00
CVE-2014-4971, 2014-07-18 00:00:00
CVE-2012-0911, 2012-07-04 00:00:00
CVE-2014-4977, 2014-07-24 00:00:00
CVE-2009-4850, 2009-11-14 00:00:00
CVE-2010-3747, 2010-11-15 00:00:00
CVE-2008-3996, 2008-10-22 00:00:00
CVE-2009-2265, 2009-07-03 00:00:00
CVE-2010-2343, 2010-06-07 00:00:00
CVE-2008-3995, 2008-10-22 00:00:00
CVE-2009-2261, 2009-06-05 00:00:00
CVE-2005-0491, 2005-02-18 00:00:00
CVE-2008-4572, 2008-10-12 00:00:00
CVE-2006-2370, 2006-06-13 00:00:00
CVE-2015-0936, 2015-04-01 00:00:00
CVE-2013-3248, 2013-07-08 00:00:00
CVE-2013-1662, 2013-08-22 00:00:00
CVE-2012-0002, 2012-03-16 00:00:00
CVE-2012-0003, 2012-01-10 00:00:00
CVE-2010-3106, 2010-08-04 00:00:00
CVE-2005-4267, 2005-12-20 00:00:00
CVE-2004-0397, 2004-05-19 00:00:00
CVE-2012-4933, 2017-08-13 14:10:54.329000
CVE-2011-1567, 2011-03-24 00:00:00
CVE-2011-1566, 2011-03-21 00:00:00
CVE-2011-1565, 2011-03-24 00:00:00
CVE-2011-4044, 2011-10-05 00:00:00
CVE-2011-1563, 2011-03-21 00:00:00
CVE-2010-3585, 2010-10-12 00:00:00
CVE-2011-4040, 2011-10-31 00:00:00
CVE-2017-8779, 2017-08-13 14:16:29.524000
CVE-2009-1429, 2009-04-28 00:00:00
CVE-2009-2685, 2009-11-04 00:00:00
CVE-2010-3563, 2010-10-12 00:00:00
CVE-2016-1000282, 2017-01-26 00:00:00
CVE-2006-3726, 2006-07-19 00:00:00
CVE-2013-0333, 2013-01-28 00:00:00
CVE-2012-1195, 2012-02-15 00:00:00
CVE-2011-3322, 2011-09-08 00:00:00
CVE-2010-0266, 2010-06-01 00:00:00
CVE-2014-0050, 2014-02-06 00:00:00
CVE-2015-3864, 2015-08-13 00:00:00
CVE-2006-5614, 2006-10-26 00:00:00
CVE-2012-4598, 2012-04-30 00:00:00
CVE-2011-4535, 2011-09-12 00:00:00
CVE-2013-1081, 2013-03-13 00:00:00
CVE-2012-5519, 2012-11-20 00:00:00
CVE-2015-4495, 2017-08-13 14:17:41.157000
CVE-2010-0866, 2010-02-01 00:00:00
CVE-2014-0476, 2014-06-04 00:00:00
CVE-2013-0758, 2013-01-08 00:00:00
CVE-2013-0753, 2013-01-08 00:00:00
CVE-2017-6048, 2017-04-07 00:00:00
CVE-2013-6955, 2013-10-31 00:00:00
CVE-2005-4734, 2005-10-21 00:00:00
CVE-2014-0980, 2014-02-05 00:00:00
CVE-2014-0983, 2014-03-11 00:00:00
CVE-2014-8440, 2014-11-11 00:00:00
CVE-2014-8684, 2015-03-01 00:00:00
CVE-2014-2238, 2014-02-28 00:00:00
CVE-2005-2086, 2004-11-12 00:00:00
CVE-1999-0256, 1998-03-19 00:00:00
CVE-2005-2773, 2005-08-25 00:00:00
CVE-2014-1903, 2014-03-21 00:00:00
CVE-2010-0738, 2010-04-26 00:00:00
CVE-2014-6593, 2015-01-20 00:00:00
CVE-2009-3033, 2009-11-04 00:00:00
CVE-2012-1775, 2012-03-15 00:00:00
CVE-2001-0333, 2001-05-15 00:00:00
CVE-2009-2521, 2009-09-03 00:00:00
CVE-2016-6366, 2017-08-13 14:19:25.164000
CVE-2008-1447, 2008-07-21 00:00:00
CVE-2013-5093, 2013-08-20 00:00:00
CVE-2008-1117, 2008-05-10 00:00:00
CVE-2014-1635, 2014-05-09 00:00:00
CVE-2010-4742, 2010-10-19 00:00:00
CVE-2010-4741, 2010-10-20 00:00:00
CVE-2007-6530, 2007-12-25 00:00:00
CVE-2008-0244, 2008-01-09 00:00:00
CVE-2007-1748, 2007-04-12 00:00:00
CVE-2008-1661, 2008-06-04 00:00:00
CVE-2014-6041, 2017-08-13 14:17:00.816000
CVE-2003-0990, 2007-07-09 00:00:00
CVE-2010-4344, 2010-12-07 00:00:00
CVE-2015-3673, 2015-07-01 00:00:00
CVE-2005-2373, 2005-07-21 00:00:00
CVE-2016-6563, 2016-11-07 00:00:00
CVE-2014-9312, 2014-11-11 00:00:00
CVE-2012-2983, 2012-09-06 00:00:00
CVE-2012-2982, 2012-09-06 00:00:00
CVE-2012-5088, 2012-10-16 00:00:00
CVE-2016-6267, 2016-08-08 00:00:00
CVE-2007-2987, 2007-05-29 00:00:00
CVE-2017-1092, 2017-05-30 00:00:00
CVE-2004-2271, 2004-11-07 00:00:00
CVE-2011-2474, 2011-05-25 00:00:00
CVE-2009-0215, 2009-03-24 00:00:00
CVE-2012-2215, 2017-08-13 14:19:36.668000
CVE-2003-0352, 2003-07-16 00:00:00
CVE-2004-2074, 2004-03-03 00:00:00
CVE-2013-4124, 2017-08-13 14:18:05.695000
CVE-2010-2156, 2017-08-13 14:13:54.517000
CVE-2012-0694, 2012-06-23 00:00:00
CVE-2015-1328, 2015-06-16 00:00:00
CVE-2016-1209, 2016-05-04 00:00:00
CVE-2011-5052, 2011-12-27 00:00:00
CVE-2012-2329, 2012-05-08 00:00:00
CVE-2008-6082, 2008-10-14 00:00:00
CVE-2015-3090, 2015-05-12 00:00:00
CVE-2011-1774, 2011-07-20 00:00:00
CVE-2007-3872, 2007-08-09 00:00:00
CVE-2009-0546, 2009-02-09 00:00:00
CVE-2010-1553, 2010-05-11 00:00:00
CVE-2010-1552, 2010-05-11 00:00:00
CVE-2010-1555, 2010-05-11 00:00:00
CVE-2010-1554, 2010-05-11 00:00:00
CVE-2010-1885, 2010-06-09 00:00:00
CVE-2007-2508, 2007-05-07 00:00:00
CVE-2006-2369, 2006-05-15 00:00:00
CVE-2016-0752, 2016-10-16 00:00:00
CVE-2017-8895, 2017-05-10 00:00:00
CVE-2014-3566, 2014-10-14 00:00:00
CVE-2011-5124, 2011-04-04 00:00:00
CVE-2015-0921, 2015-01-06 00:00:00
CVE-2015-0923, 2015-02-05 00:00:00
CVE-2016-1593, 2016-03-30 00:00:00
CVE-2015-0925, 2015-01-21 00:00:00
CVE-2007-3901, 2007-12-11 00:00:00
CVE-2011-4451, 2011-11-30 00:00:00
CVE-2011-4453, 2011-11-09 00:00:00
CVE-2007-4475, 2009-03-31 00:00:00
CVE-2007-4474, 2007-12-20 00:00:00
CVE-2006-6010, 2017-08-13 14:19:25.715000
CVE-2003-1336, 2003-10-13 00:00:00
CVE-2008-0935, 2008-02-22 00:00:00
CVE-2007-2386, 2007-05-25 00:00:00
CVE-2011-0514, 2011-01-08 00:00:00
CVE-2011-0517, 2011-01-13 00:00:00
CVE-2011-4050, 2011-12-20 00:00:00
CVE-2004-1388, 2005-05-25 00:00:00
CVE-2017-7494, 2017-03-24 00:00:00
CVE-2011-1574, 2011-04-07 00:00:00
CVE-2001-1583, 2001-08-31 00:00:00
CVE-2015-0816, 2015-03-31 00:00:00
CVE-2009-1430, 2009-04-28 00:00:00
CVE-2006-5112, 2006-09-28 00:00:00
CVE-2013-6194, 2014-01-02 00:00:00
CVE-2003-0201, 2003-04-07 00:00:00
CVE-2001-0152, 2001-03-27 00:00:00
CVE-2010-3007, 2010-09-09 00:00:00
CVE-2010-3552, 2010-10-12 00:00:00
CVE-2013-3906, 2013-11-05 00:00:00
CVE-2011-1591, 2011-04-18 00:00:00
CVE-2010-2550, 2017-08-13 14:19:23.006000
CVE-2013-4212, 2013-10-31 00:00:00
CVE-2012-2686, 2013-02-05 00:00:00
CVE-2012-1182, 2012-04-10 00:00:00
CVE-2014-0515, 2014-04-28 00:00:00
CVE-2011-0647, 2011-02-07 00:00:00
CVE-2015-0072, 2015-02-01 00:00:00
CVE-2016-5676, 2016-08-04 00:00:00
CVE-2016-5674, 2016-08-04 00:00:00
CVE-2016-5675, 2016-08-04 00:00:00
CVE-2012-3001, 2012-10-22 00:00:00
CVE-2014-0195, 2014-06-05 00:00:00
CVE-2013-0431, 2013-01-10 00:00:00
CVE-2007-1070, 2007-02-20 00:00:00
CVE-2013-0928, 2013-01-18 00:00:00
CVE-2001-1320, 2001-07-16 00:00:00
CVE-2008-2499, 2008-05-21 00:00:00
CVE-2007-0774, 2007-03-02 00:00:00
CVE-2011-2110, 2012-06-21 00:00:00
CVE-2006-3961, 2006-08-01 00:00:00
CVE-2015-0311, 2014-04-28 00:00:00
CVE-2013-1349, 2012-12-04 00:00:00
CVE-2015-0318, 2014-11-25 00:00:00
CVE-2000-0945, 2000-10-26 00:00:00
CVE-2016-2296, 2017-08-13 14:15:56.188000
CVE-2000-0284, 2000-04-16 00:00:00
CVE-2004-0735, 2004-07-17 00:00:00
CVE-2012-0262, 2012-01-05 00:00:00
CVE-2006-2961, 2006-06-12 00:00:00
CVE-2004-1211, 2004-11-29 00:00:00
CVE-2013-0108, 2013-02-22 00:00:00
CVE-2008-2789, 2011-02-08 00:00:00
CVE-2008-1472, 2008-03-16 00:00:00
CVE-2012-5896, 2012-03-28 00:00:00
CVE-2011-4908, 2009-07-22 00:00:00
CVE-2011-3192, 2011-08-19 00:00:00
CVE-2007-6507, 2017-08-13 14:17:29.569000
CVE-2008-5353, 2008-12-03 00:00:00
CVE-2007-6509, 2007-12-17 00:00:00
CVE-2008-1309, 2008-03-08 00:00:00
CVE-2003-0213, 2003-04-09 00:00:00
CVE-2012-0754, 2012-02-15 00:00:00
CVE-2009-1943, 2009-06-01 00:00:00
CVE-2013-5331, 2013-12-10 00:00:00
CVE-2003-0694, 2003-09-17 00:00:00
CVE-2016-6600, 2016-07-04 00:00:00
CVE-2016-6601, 2016-07-04 00:00:00
CVE-2015-2426, 2015-07-11 00:00:00
CVE-2013-3482, 2013-05-23 00:00:00
CVE-2001-0537, 2001-06-27 00:00:00
CVE-2005-1983, 2005-08-09 00:00:00
CVE-2014-3888, 2014-05-23 00:00:00
CVE-2017-6510, 2017-03-07 00:00:00
CVE-2013-3319, 2017-08-13 14:15:33.306000
CVE-2006-0395, 2006-03-01 00:00:00
CVE-2016-4997, 2016-06-03 00:00:00
CVE-2008-0320, 2008-04-17 00:00:00
CVE-2012-1889, 2012-06-12 00:00:00
CVE-2014-4511, 2014-06-30 00:00:00
CVE-2012-3951, 2012-07-27 00:00:00
CVE-2016-0189, 2016-05-10 00:00:00
CVE-2008-1898, 2008-11-28 00:00:00
CVE-2009-4098, 2009-11-24 00:00:00
CVE-2006-2630, 2006-05-24 00:00:00
CVE-2016-10225, 2016-04-30 00:00:00
CVE-2009-4656, 2009-12-30 00:00:00
CVE-2008-4779, 2008-10-28 00:00:00
CVE-2010-1899, 2010-09-14 00:00:00
CVE-2008-4556, 2008-10-14 00:00:00
CVE-2005-3589, 2005-11-07 00:00:00
CVE-2015-1793, 2015-07-09 00:00:00
CVE-2012-4876, 2012-03-28 00:00:00
CVE-2007-3068, 2007-06-02 00:00:00
CVE-2011-5130, 2011-11-29 00:00:00
CVE-2015-2208, 2015-03-03 00:00:00
CVE-2010-2568, 2010-07-16 00:00:00
CVE-2009-1151, 2009-03-24 00:00:00
CVE-2015-1587, 2015-02-11 00:00:00
CVE-2007-2193, 2007-11-23 00:00:00
CVE-2011-0065, 2011-05-10 00:00:00
CVE-2011-1900, 2017-08-13 14:11:48.793000
CVE-2005-2551, 2005-08-11 00:00:00
CVE-2007-4466, 2007-10-08 00:00:00
CVE-2010-2703, 2010-07-20 00:00:00
CVE-2009-2335, 2017-08-13 14:18:53.449000
CVE-2012-4914, 2013-01-18 00:00:00
CVE-2012-4915, 2013-01-03 00:00:00
CVE-2010-2709, 2010-08-03 00:00:00
CVE-2005-0581, 2005-03-02 00:00:00
CVE-2016-1560, 2016-04-07 00:00:00
CVE-2006-3392, 2006-06-30 00:00:00
CVE-2008-0926, 2017-08-13 14:11:54.686000
CVE-2017-1000117, 2017-09-04 03:13:37.045000
CVE-2010-4335, 2010-11-15 00:00:00
CVE-2005-1323, 2005-04-26 00:00:00
CVE-2010-3765, 2010-10-25 00:00:00
CVE-2017-7269, 2017-08-13 14:16:11.274000
CVE-2013-2423, 2013-01-10 00:00:00
CVE-2007-4607, 2009-08-28 00:00:00
CVE-2013-3918, 2013-11-08 00:00:00
CVE-2005-0059, 2005-04-12 00:00:00
CVE-2003-1200, 2003-12-29 00:00:00
CVE-2011-0340, 2012-04-28 00:00:00
CVE-2002-1059, 2002-07-23 00:00:00
CVE-2014-5005, 2014-08-31 00:00:00
CVE-2011-0657, 2011-04-12 00:00:00
CVE-2011-0654, 2017-08-13 14:13:47.455000
CVE-2012-0209, 2012-02-13 00:00:00
CVE-2012-0201, 2012-02-28 00:00:00
CVE-2012-0202, 2012-04-02 00:00:00
CVE-2013-2730, 2013-05-14 00:00:00
CVE-2006-1551, 2006-03-30 00:00:00
CVE-2013-1428, 2013-04-22 00:00:00
CVE-2010-0842, 2010-03-30 00:00:00
CVE-2014-0322, 2014-02-13 00:00:00
CVE-2012-4681, 2012-08-26 00:00:00
CVE-2002-1473, 2002-08-28 00:00:00
CVE-2014-6446, 2014-09-25 00:00:00
CVE-2008-2463, 2008-07-07 00:00:00
CVE-2013-1359, 2012-01-17 00:00:00
CVE-2006-5702, 2006-11-01 00:00:00
CVE-1999-0874, 2002-04-10 00:00:00
CVE-2007-0348, 2007-03-20 00:00:00
CVE-2009-3031, 2009-11-02 00:00:00
CVE-2007-5423, 2007-10-10 00:00:00
CVE-2012-1153, 2012-01-19 00:00:00
CVE-2000-0665, 2000-07-17 00:00:00
CVE-2008-1311, 2008-10-29 00:00:00
CVE-2013-0008, 2012-11-27 00:00:00
CVE-2014-2364, 2014-07-17 00:00:00
CVE-2012-6530, 2012-07-29 00:00:00
CVE-2007-5082, 2007-09-27 00:00:00
CVE-2013-4211, 2013-08-07 00:00:00
CVE-2008-2683, 2008-06-05 00:00:00
CVE-2007-1435, 2007-03-12 00:00:00
CVE-2004-2221, 2004-08-19 00:00:00
CVE-2013-1347, 2013-05-03 00:00:00
CVE-2017-5638, 2017-03-07 00:00:00
CVE-2016-3088, 2016-06-01 00:00:00
CVE-2008-4397, 2008-10-09 00:00:00
CVE-2001-0500, 2001-06-18 00:00:00
CVE-2016-3081, 2016-04-27 00:00:00
CVE-2016-3087, 2016-06-01 00:00:00
CVE-2011-2657, 2011-10-19 00:00:00
CVE-2011-2653, 2011-11-02 00:00:00
CVE-2013-4450, 2013-10-18 00:00:00
CVE-2009-4265, 2009-12-05 00:00:00
CVE-2008-0226, 2008-01-04 00:00:00
CVE-2005-3757, 2005-08-16 00:00:00
CVE-2012-6329, 2012-12-03 00:00:00
CVE-2014-3300, 2017-08-13 14:13:16.931000
CVE-2015-6127, 2015-12-08 00:00:00
CVE-2003-0027, 2003-01-22 00:00:00
CVE-2013-4074, 2014-04-28 00:00:00
